{
  "background": [
    {
      "name": "Amnesiac",
      "source": "TCM",
      "feats": [
        {
          "name": "Memory Starved",
          "source": "TCM"
        }
      ],
      "entries": [
        "Some portion of your past has been swallowed by nothingness. Flashes of déjà vu tease you, but slip away as ungraspable as the mists of Druskenvald.",
        {
          "type": "list",
          "items": [
            "**Feat.** Memory Starved.",
            "**Skills.** Choose two (you determine these during play using Scattered Memories).",
            "**Tools.** Choose one (determined during play).",
            "**Languages.** Choose two (determined during play).",
            "**Equipment.** Choose A or B: (A) Book (personal notes), Ink, Ink Pen, Traveler’s Clothes, 11 gp; or (B) 50 gp."
          ]
        },
        {
          "type": "entries",
          "name": "Scattered Memories",
          "entries": [
            "You don’t choose your skill proficiencies, tool proficiency, or the two languages that are part of your origin when you select this background. Instead, during play you can recall one of these at any time (even as you make a roll that relies on it). After choosing one, you can’t choose another until you gain a level. The GM might allow an early recall if something meaningfully reminds you of your past."
          ]
        },
        {
          "type": "entries",
          "name": "Building an Amnesiac",
          "entries": [
            "Consider how you lost your memory—injury, illness, toxin, curse, or something more sinister. You might even leave the cause to be discovered in play."
          ]
        },
        {
          "type": "entries",
          "name": "Amnesiac Story Threads",
          "entries": [
            {
              "type": "table",
              "colLabels": [
                "1d6",
                "Thread"
              ],
              "rows": [
                [
                  "1",
                  "Recurring dreams of someone you might recognize on your adventures."
                ],
                [
                  "2",
                  "You absent-mindedly doodle the same symbol over and over."
                ],
                [
                  "3",
                  "A friend travels Druskenvald with a caravan searching for hints of your past."
                ],
                [
                  "4",
                  "A rhyme or song you’ve never heard comes to mind when your thoughts wander."
                ],
                [
                  "5",
                  "Rainbow colors—like on a soap bubble or oil slick—fill you with unexplained terror."
                ],
                [
                  "6",
                  "You recollect fragments of traveling to a remote place in the mountains."
                ]
              ]
            }
          ]
        },
        {
          "type": "entries",
          "name": "Amnesiac Trinkets",
          "entries": [
            {
              "type": "table",
              "colLabels": [
                "1d6",
                "Trinket"
              ],
              "rows": [
                [
                  "1",
                  "Half of a tarnished silver ring with a partial inscription in an unknown language."
                ],
                [
                  "2",
                  "A music box that plays a sad tune you recognize but can’t identify."
                ],
                [
                  "3",
                  "A short note addressed to you and signed with a name you don’t recognize."
                ],
                [
                  "4",
                  "A thin silk scarf with a fading scent that stirs familiarity."
                ],
                [
                  "5",
                  "A toy horse with unfamiliar initials inked on it."
                ],
                [
                  "6",
                  "A locket whose portrait is burnt and unrecognizable."
                ]
              ]
            }
          ]
        }
      ]
    },
    {
      "name": "Crimson Aspirant",
      "source": "TCM",
      "feats": [
        {
          "name": "Crimson Ritualist",
          "source": "TCM"
        }
      ],
      "skillProficiencies": [
        {
          "arcana": true
        },
        {
          "medicine": true
        }
      ],
      "toolProficiencies": [
        "herbalism kit"
      ],
      "entries": [
        "You have delved into the forces that animate all life and the power of blood to sustain and transmit vital essence.",
        {
          "type": "list",
          "items": [
            "**Feat.** Crimson Ritualist.",
            "**Skills.** Arcana, Medicine.",
            "**Tools.** Herbalism Kit.",
            "**Equipment.** Choose A or B: (A) Herbalism Kit, Dagger, Fine Clothes, Healer’s Kit, 3 Vials, 10 gp; or (B) 50 gp."
          ]
        },
        {
          "type": "entries",
          "name": "Building a Crimson Aspirant",
          "entries": [
            "Scholars, healers, and the physically inclined alike may be drawn to the teachings of blood—to tap increased vital energies or overcome frailty."
          ]
        },
        {
          "type": "entries",
          "name": "Crimson Aspirant Story Threads",
          "entries": [
            {
              "type": "table",
              "colLabels": [
                "1d6",
                "Thread"
              ],
              "rows": [
                [
                  "1",
                  "When you bleed, you hear whispers from your fallen blood."
                ],
                [
                  "2",
                  "Your mentor’s remote monastery expelled you in a panic."
                ],
                [
                  "3",
                  "A plague carried in the blood defies cures; you seek its origin."
                ],
                [
                  "4",
                  "The mentor who inducted you into blood’s secrets vanished suddenly."
                ],
                [
                  "5",
                  "Your studies reveal deaths by blood‑drinking monsters."
                ],
                [
                  "6",
                  "A loved one died; your studies hint at a way to bring them back."
                ]
              ]
            }
          ]
        },
        {
          "type": "entries",
          "name": "Crimson Aspirant Trinkets",
          "entries": [
            {
              "type": "table",
              "colLabels": [
                "1d6",
                "Trinket"
              ],
              "rows": [
                [
                  "1",
                  "A glass pendant with a single drop of blood suspended within."
                ],
                [
                  "2",
                  "A long scroll with an anatomical study of vital energies."
                ],
                [
                  "3",
                  "A handkerchief with a pressed blood drop at the center."
                ],
                [
                  "4",
                  "A polished bloodstone for balancing vital energy."
                ],
                [
                  "5",
                  "A vial of blood that never coagulates or dries."
                ],
                [
                  "6",
                  "A small box of ashes said to be from a martyr falsely accused of vampirism."
                ]
              ]
            }
          ]
        }
      ]
    },
    {
      "name": "Crossroads Gambler",
      "source": "TCM",
      "feats": [
        {
          "name": "Fate Gambler",
          "source": "TCM"
        }
      ],
      "skillProficiencies": [
        {
          "deception": true
        },
        {
          "insight": true
        }
      ],
      "toolProficiencies": [
        {
          "choose": {
            "from": [
              "gaming set (any)"
            ],
            "count": 1
          }
        }
      ],
      "entries": [
        "You made your bones on games of chance—until you wagered far more than coin against fiends, fey, or the fabled Mister Crossroads.",
        {
          "type": "list",
          "items": [
            "**Feat.** Fate Gambler.",
            "**Skills.** Deception, Insight.",
            "**Tools.** One kind of Gaming Set.",
            "**Equipment.** Choose A or B: (A) Gaming Set (same as above), Caltrops, Fine Clothes, Fine Wine (bottle), 23 gp; or (B) 50 gp."
          ]
        },
        {
          "type": "entries",
          "name": "Building a Crossroads Gambler",
          "entries": [
            "Rogues, Bards, desperate conjurers, and the bold all find themselves playing for impossible stakes—and trying to outrun the bill."
          ]
        },
        {
          "type": "entries",
          "name": "Crossroads Gambler Story Threads",
          "entries": [
            {
              "type": "table",
              "colLabels": [
                "1d6",
                "Thread"
              ],
              "rows": [
                [
                  "1",
                  "A ‘friend’ tricked you into making your bargain."
                ],
                [
                  "2",
                  "If too long passes without a wager, your luck turns sour."
                ],
                [
                  "3",
                  "You only feel alive in the midst of a contest."
                ],
                [
                  "4",
                  "You lost your bet and now flee what’s coming to collect."
                ],
                [
                  "5",
                  "Someone close to you lost a wager; you made your deal to find them."
                ],
                [
                  "6",
                  "You’re tired of gambling—you want a way out."
                ]
              ]
            }
          ]
        },
        {
          "type": "entries",
          "name": "Crossroads Gambler Trinkets",
          "entries": [
            {
              "type": "table",
              "colLabels": [
                "1d6",
                "Trinket"
              ],
              "rows": [
                [
                  "1",
                  "A lucky coin made of a strange material (green steel, bone, etc.)."
                ],
                [
                  "2",
                  "A battered, blood‑stained six of hearts playing card."
                ],
                [
                  "3",
                  "A torn journal page of a long‑missing gambler describing an unnamed being."
                ],
                [
                  "4",
                  "The preserved foot of a rabbit, owl, or weasel."
                ],
                [
                  "5",
                  "A die that oddly seems to have too many 2s."
                ],
                [
                  "6",
                  "A silver‑plated ivory chess rook."
                ]
              ]
            }
          ]
        }
      ]
    },
    {
      "name": "Cultist",
      "source": "TCM",
      "feats": [
        {
          "name": "Cult Initiate",
          "source": "TCM"
        }
      ],
      "skillProficiencies": [
        {
          "arcana": true
        },
        {
          "choose": {
            "from": [
              "any"
            ],
            "count": 1
          }
        }
      ],
      "languageProficiencies": [
        {
          "choose": {
            "from": [
              "any"
            ],
            "count": 1
          }
        }
      ],
      "toolProficiencies": [
        "calligrapher's supplies"
      ],
      "entries": [
        "You were inducted into a secret society that venerates or pursues power from an otherworldly source.",
        {
          "type": "list",
          "items": [
            "**Feat.** Cult Initiate.",
            "**Skills.** Arcana, plus one of your choice (the Cultist Affinity table offers recommendations).",
            "**Languages.** One of your choice (see the Affinity table).",
            "**Tools.** Calligrapher’s Supplies.",
            "**Equipment.** Choose A or B: (A) Calligrapher’s Supplies, Costume (cult garb), Holy Symbol (amulet with cult insignia), Traveler’s Clothes, 10 gp; or (B) 50 gp."
          ]
        },
        {
          "type": "entries",
          "name": "Cultist Affinities",
          "entries": [
            {
              "type": "table",
              "colLabels": [
                "Cult Patron",
                "Recommended Skill",
                "Suggested Language"
              ],
              "rows": [
                [
                  "Aberration",
                  "Perception",
                  "Deep Speech"
                ],
                [
                  "Celestial",
                  "Religion",
                  "Celestial"
                ],
                [
                  "Fiend (Demon)",
                  "Religion",
                  "Abyssal"
                ],
                [
                  "Fiend (Devil)",
                  "Religion",
                  "Infernal"
                ],
                [
                  "Fey",
                  "Nature",
                  "Sylvan"
                ]
              ]
            }
          ]
        },
        {
          "type": "entries",
          "name": "Building a Cultist",
          "entries": [
            "Were you manipulated by a surrogate family, still loyal for infiltration, or fleeing after a crisis of faith?"
          ]
        },
        {
          "type": "entries",
          "name": "Cultist Story Threads",
          "entries": [
            {
              "type": "table",
              "colLabels": [
                "1d6",
                "Thread"
              ],
              "rows": [
                [
                  "1",
                  "You learned your cult manipulated you throughout your life."
                ],
                [
                  "2",
                  "A cultist betrayed and slew your leader and mentor."
                ],
                [
                  "3",
                  "Your cult’s activities aroused local ire and superstition."
                ],
                [
                  "4",
                  "You followed a loved one into joining the cult, trying to learn what happened to them."
                ],
                [
                  "5",
                  "Someone forced you to see your cult in a different light."
                ],
                [
                  "6",
                  "You joined the cult to save yourself from an incurable illness or certain doom."
                ]
              ]
            }
          ]
        },
        {
          "type": "entries",
          "name": "Cultist Trinkets",
          "entries": [
            {
              "type": "table",
              "colLabels": [
                "1d6",
                "Trinket"
              ],
              "rows": [
                [
                  "1",
                  "A sealed scroll of esoteric knowledge."
                ],
                [
                  "2",
                  "A steel ball bearing etched over its entire surface with sacred text."
                ],
                [
                  "3",
                  "A crystal that feels strange to the touch."
                ],
                [
                  "4",
                  "A ritual knife stained with blood, sap, or oils."
                ],
                [
                  "5",
                  "A set of copper tattoo needles."
                ],
                [
                  "6",
                  "An embroidered cloth half mask."
                ]
              ]
            }
          ]
        }
      ]
    },
    {
      "name": "Druskenvald Dweller",
      "source": "TCM",
      "entries": [
        "You hail from one of the thirteen baneful provinces of Druskenvald, whose cultures and skills shaped you.",
        {
          "type": "list",
          "items": [
            "**Feat.** Choose one Origin feat (from this book or core rules).",
            "**Skills.** Survival, plus one of your choice (see Province Affinities).",
            "**Tools.** One of your choice (see Province Affinities).",
            "**Equipment.** Choose A or B: (A) An appropriate artisan’s tools (matching your chosen tool), Map (Druskenvald’s provinces), Traveler’s Clothes, 10 gp; or (B) 50 gp."
          ]
        },
        {
          "type": "entries",
          "name": "Province Affinities",
          "entries": [
            {
              "type": "table",
              "colLabels": [
                "Province",
                "Recommended Skill",
                "Recommended Tool"
              ],
              "rows": [
                [
                  "Ardengloom",
                  "History",
                  "Herbalism Kit"
                ],
                [
                  "Astramar",
                  "Arcana",
                  "Navigator’s Tools"
                ],
                [
                  "Bubonia",
                  "Medicine",
                  "Poisoner’s Kit"
                ],
                [
                  "Chernabos",
                  "Deception",
                  "Calligrapher’s Supplies"
                ],
                [
                  "Edwardia",
                  "Investigation",
                  "Tinker’s Tools"
                ],
                [
                  "Enoch",
                  "Nature",
                  "Leatherworker’s Tools"
                ],
                [
                  "Kalero",
                  "Performance",
                  "Musical Instrument"
                ],
                [
                  "Olmarsh",
                  "Arcana",
                  "Cartographer’s Supplies"
                ],
                [
                  "Nerukhet",
                  "Persuasion",
                  "Weaver’s Tools"
                ],
                [
                  "Pholsense",
                  "Religion",
                  "Mason’s Tools"
                ],
                [
                  "Picco",
                  "Performance",
                  "Woodworker’s Tools"
                ],
                [
                  "Syndramas",
                  "Athletics",
                  "Cook’s Utensils"
                ],
                [
                  "Zulrogg",
                  "Survival",
                  "Herbalism Kit"
                ]
              ]
            }
          ]
        },
        {
          "type": "entries",
          "name": "Druskenvald Dweller Story Threads",
          "entries": [
            {
              "type": "table",
              "colLabels": [
                "1d6",
                "Thread"
              ],
              "rows": [
                [
                  "1",
                  "Left on a church doorstep as an infant; only a torn cloak hints at your origin."
                ],
                [
                  "2",
                  "You fled your home province after being accused of a crime."
                ],
                [
                  "3",
                  "Stories of other provinces spurred you to travel Druskenvald."
                ],
                [
                  "4",
                  "A trade caravan harmed someone dear to you or stole something precious."
                ],
                [
                  "5",
                  "You made a desperate pact with an ashborn and seek to nullify it."
                ],
                [
                  "6",
                  "A vicious bogborn bounty hunter trails you."
                ]
              ]
            }
          ]
        },
        {
          "type": "entries",
          "name": "Druskenvald Dweller Trinkets",
          "entries": [
            {
              "type": "table",
              "colLabels": [
                "1d6",
                "Trinket"
              ],
              "rows": [
                [
                  "1",
                  "A brass needle with a dangling bit of broken thread."
                ],
                [
                  "2",
                  "A dull, rusty sickle with a bone handle."
                ],
                [
                  "3",
                  "A star chart etched onto a crystal plate."
                ],
                [
                  "4",
                  "A wicker doll with bloodstained bead eyes."
                ],
                [
                  "5",
                  "A length of chain that sometimes rattles unattended."
                ],
                [
                  "6",
                  "A mummified hand preserved in bog peat."
                ]
              ]
            }
          ]
        }
      ]
    },
    {
      "name": "Experiment",
      "source": "TCM",
      "feats": [
        {
          "name": "Altered",
          "source": "TCM"
        }
      ],
      "skillProficiencies": [
        {
          "intimidation": true
        },
        {
          "medicine": true
        }
      ],
      "toolProficiencies": [
        "alchemist's supplies"
      ],
      "entries": [
        "You were forever altered by a blasphemous fusion of science, alchemy, and magic—perhaps to mend a malady or test the limits of your biology.",
        {
          "type": "list",
          "items": [
            "**Feat.** Altered.",
            "**Skills.** Intimidation, Medicine.",
            "**Tools.** Alchemist’s Supplies.",
            "**Equipment.** Choose A or B: (A) Alchemist’s Supplies, Manacles, Perfume (to cover chemical smell), Traveler’s Clothes (with hooded cloak), 5 gp; or (B) 50 gp."
          ]
        },
        {
          "type": "entries",
          "name": "Building an Experiment",
          "entries": [
            "Were you kidnapped and altered against your will, or did you volunteer? Whatever the reason, the process left visible and invisible scars."
          ]
        },
        {
          "type": "entries",
          "name": "Experiment Story Threads",
          "entries": [
            {
              "type": "table",
              "colLabels": [
                "1d6",
                "Thread"
              ],
              "rows": [
                [
                  "1",
                  "A particular song stirs sadness and overwhelming anger, reminding you of the procedure."
                ],
                [
                  "2",
                  "Part of your body is clearly grafted from someone else—and they might want it back."
                ],
                [
                  "3",
                  "Another person was changed alongside you and fled before you could."
                ],
                [
                  "4",
                  "Recurring nightmares of the procedure show glimpses of unknown faces."
                ],
                [
                  "5",
                  "Your difference invites curiosity and attention—more disturbing than disdain."
                ],
                [
                  "6",
                  "A peculiar symbol is branded on or near your alteration."
                ]
              ]
            }
          ]
        },
        {
          "type": "entries",
          "name": "Experiment Trinkets",
          "entries": [
            {
              "type": "table",
              "colLabels": [
                "1d6",
                "Trinket"
              ],
              "rows": [
                [
                  "1",
                  "A syringe with faintly glowing purple residue."
                ],
                [
                  "2",
                  "A wrench that fits simple machinery built into your body."
                ],
                [
                  "3",
                  "Chemical‑stained parchments of incomprehensible notes and schematics."
                ],
                [
                  "4",
                  "A spool of silver thread matching stitches in your altered body part."
                ],
                [
                  "5",
                  "A metal hip flask scratched with strange runes."
                ],
                [
                  "6",
                  "A smooth stone that soothes you when held tightly."
                ]
              ]
            }
          ]
        }
      ]
    },
    {
      "name": "Ghostlight Passenger",
      "source": "TCM",
      "feats": [
        {
          "name": "Ghostlight Medium",
          "source": "TCM"
        }
      ],
      "skillProficiencies": [
        {
          "insight": true
        },
        {
          "persuasion": true
        }
      ],
      "toolProficiencies": [
        "smith's tools"
      ],
      "entries": [
        "You once rode the deathly train known as the Ghostlight Express and formed a lasting connection with its conductor and travelers.",
        {
          "type": "list",
          "items": [
            "**Feat.** Ghostlight Medium.",
            "**Skills.** Insight, Persuasion.",
            "**Tools.** Smith’s Tools.",
            "**Equipment.** Choose A or B: (A) Smith’s Tools, Bullseye Lantern, Fine Clothes, Oil (3 flasks), 5 gp; or (B) 50 gp."
          ]
        },
        {
          "type": "entries",
          "name": "Ghostlight Passenger Story Threads",
          "entries": [
            {
              "type": "table",
              "colLabels": [
                "1d6",
                "Thread"
              ],
              "rows": [
                [
                  "1",
                  "Sometimes, when you dream, you find yourself back on the Ghostlight Express."
                ],
                [
                  "2",
                  "Your first journey to the lands of the dead hints you can find a once‑lost loved one."
                ],
                [
                  "3",
                  "A specific spirit returns to speak to (and through) you repeatedly."
                ],
                [
                  "4",
                  "Strangers sometimes know you from your visits on the Ghostlight Express—then forget."
                ],
                [
                  "5",
                  "You see people in your travels who you recognize from the train."
                ],
                [
                  "6",
                  "Someone greeted you with knowledge of your first journey, but you don’t remember them."
                ]
              ]
            }
          ]
        },
        {
          "type": "entries",
          "name": "Ghostlight Passenger Trinkets",
          "entries": [
            {
              "type": "table",
              "colLabels": [
                "1d6",
                "Trinket"
              ],
              "rows": [
                [
                  "1",
                  "A slate board smeared with erased chalk; words sometimes appear."
                ],
                [
                  "2",
                  "A lump of coal that never burns away and gives off wispy smoke."
                ],
                [
                  "3",
                  "A torn ticket stub that is slightly translucent."
                ],
                [
                  "4",
                  "A dented conductor’s whistle that only the dead can hear."
                ],
                [
                  "5",
                  "A pocket watch that runs backwards."
                ],
                [
                  "6",
                  "A battered train conductor’s hat."
                ]
              ]
            }
          ]
        }
      ]
    },
    {
      "name": "Night Stalker",
      "source": "TCM",
      "feats": [
        {
          "name": "Hunter of Hunters",
          "source": "TCM"
        }
      ],
      "skillProficiencies": [
        {
          "stealth": true
        },
        {
          "choose": {
            "from": [
              "arcana",
              "history",
              "religion",
              "nature"
            ],
            "count": 1
          }
        }
      ],
      "toolProficiencies": [
        "leatherworker's tools"
      ],
      "entries": [
        "Once prey to a monster, now you are the hunter—deadlier and hungrier than what stalked you.",
        {
          "type": "list",
          "items": [
            "**Feat.** Hunter of Hunters.",
            "**Skills.** Stealth, plus one of Arcana, History, Religion, or Nature.",
            "**Tools.** Leatherworker’s Tools.",
            "**Equipment.** Choose A or B: (A) Leatherworker’s Tools, Book (one creature type), Hooded Lantern, Hunting Trap, Oil (3 flasks), Traveler’s Clothes, 8 gp; or (B) 50 gp."
          ]
        },
        {
          "type": "entries",
          "name": "Night Stalker Story Threads",
          "entries": [
            {
              "type": "table",
              "colLabels": [
                "1d6",
                "Thread"
              ],
              "rows": [
                [
                  "1",
                  "You hunt the creature that slew your loved ones."
                ],
                [
                  "2",
                  "You’re losing your stomach for the hunt."
                ],
                [
                  "3",
                  "Research reveals some of your initial assumptions were wrong."
                ],
                [
                  "4",
                  "You failed to stand up to a creature and saved yourself instead of someone else."
                ],
                [
                  "5",
                  "They terrify you to your soul; you lash out to deny your fear."
                ],
                [
                  "6",
                  "Your fervent hunt hides a desire to become more than mortal."
                ]
              ]
            }
          ]
        },
        {
          "type": "entries",
          "name": "Night Stalker Trinkets",
          "entries": [
            {
              "type": "table",
              "colLabels": [
                "1d6",
                "Trinket"
              ],
              "rows": [
                [
                  "1",
                  "A necklace of yellowed fangs."
                ],
                [
                  "2",
                  "Letters showing a personality eroding into incoherence and raving."
                ],
                [
                  "3",
                  "A knife made from a massive creature’s claw."
                ],
                [
                  "4",
                  "A casting of a monstrous footprint."
                ],
                [
                  "5",
                  "A hide or pelt from a vicious beast."
                ],
                [
                  "6",
                  "A glass eye that normal animals shy away from."
                ]
              ]
            }
          ]
        }
      ]
    },
    {
      "name": "Reflected Wanderer",
      "source": "TCM",
      "feats": [
        {
          "name": "Unreflected",
          "source": "TCM"
        }
      ],
      "skillProficiencies": [
        {
          "deception": true
        },
        {
          "investigation": true
        }
      ],
      "toolProficiencies": [
        "disguise kit"
      ],
      "entries": [
        "Part of you separated from your being and wanders the world as a mirage identical to you, taking your reflection and shadow with it.",
        {
          "type": "list",
          "items": [
            "**Feat.** Unreflected.",
            "**Skills.** Deception, Investigation.",
            "**Tools.** Disguise Kit.",
            "**Equipment.** Choose A or B: (A) Disguise Kit, Mirror, Traveler’s Clothes, 16 gp; or (B) 50 gp."
          ]
        },
        {
          "type": "entries",
          "name": "Reflected Wanderer Story Threads",
          "entries": [
            {
              "type": "table",
              "colLabels": [
                "1d6",
                "Thread"
              ],
              "rows": [
                [
                  "1",
                  "A close, long‑term relationship soured as if you wronged the other person."
                ],
                [
                  "2",
                  "Your other self leaves messages—sometimes fond, other times resentful."
                ],
                [
                  "3",
                  "Animals become skittish and restless around you."
                ],
                [
                  "4",
                  "You’re wanted for crimes you never committed; eyewitnesses named you."
                ],
                [
                  "5",
                  "An enemy starts treating you with respect and kindness."
                ],
                [
                  "6",
                  "Mirrors sometimes crack when you touch them."
                ]
              ]
            }
          ]
        },
        {
          "type": "entries",
          "name": "Reflected Wanderer Trinkets",
          "entries": [
            {
              "type": "table",
              "colLabels": [
                "1d6",
                "Trinket"
              ],
              "rows": [
                [
                  "1",
                  "A shattered hand mirror."
                ],
                [
                  "2",
                  "An invitation to a powerful person’s home whom you’ve never met."
                ],
                [
                  "3",
                  "A locket with your silhouette painted on both sides, facing each other."
                ],
                [
                  "4",
                  "A short, derisive letter from yourself you don’t remember writing."
                ],
                [
                  "5",
                  "A brooch delivered to you that you didn’t purchase."
                ],
                [
                  "6",
                  "A piece of chalk that writes in a different color than it appears."
                ]
              ]
            }
          ]
        }
      ]
    },
    {
      "name": "Rest Warden",
      "source": "TCM",
      "feats": [
        {
          "name": "Grave Keeper",
          "source": "TCM"
        }
      ],
      "skillProficiencies": [
        {
          "religion": true
        },
        {
          "survival": true
        }
      ],
      "toolProficiencies": [
        "mason's tools"
      ],
      "entries": [
        "You tend the eternal rest and disposition of the deceased—gravedigger, mortician, embalmer—standing between Undead depredations and those you watch over.",
        {
          "type": "list",
          "items": [
            "**Feat.** Grave Keeper.",
            "**Skills.** Religion, Survival.",
            "**Tools.** Mason’s Tools.",
            "**Equipment.** Choose A or B: (A) Mason’s Tools, Hooded Lantern, Oil (3 flasks), Shovel, Soap, Traveler’s Clothes (with thick gloves and dark hood), 10 gp; or (B) 50 gp."
          ]
        },
        {
          "type": "entries",
          "name": "Rest Warden Story Threads",
          "entries": [
            {
              "type": "table",
              "colLabels": [
                "1d6",
                "Thread"
              ],
              "rows": [
                [
                  "1",
                  "A strange figure commissioned a headstone for someone very much alive."
                ],
                [
                  "2",
                  "In desperation, you once accepted a bribe to look the other way during a grave robbery."
                ],
                [
                  "3",
                  "You learned from Yorgrim, gravedigger and caretaker of Maidenmist Cemetery."
                ],
                [
                  "4",
                  "Someone violated graves under your watch and stole the corpses."
                ],
                [
                  "5",
                  "You comforted a child at their parent’s funeral and now protect them."
                ],
                [
                  "6",
                  "A loved one rose as Undead; you vowed to bring them to final rest."
                ]
              ]
            }
          ]
        },
        {
          "type": "entries",
          "name": "Rest Warden Trinkets",
          "entries": [
            {
              "type": "table",
              "colLabels": [
                "1d6",
                "Trinket"
              ],
              "rows": [
                [
                  "1",
                  "A prayer slip and seal covered in verses to protect the departed."
                ],
                [
                  "2",
                  "A charcoal rubbing of a gravestone epitaph."
                ],
                [
                  "3",
                  "A coffin nail that always ends up bent."
                ],
                [
                  "4",
                  "A dried flower from one of the first graves you tended."
                ],
                [
                  "5",
                  "A length of rusty iron chain and padlock."
                ],
                [
                  "6",
                  "A sealed bottle containing a final breath."
                ]
              ]
            }
          ]
        }
      ]
    },
    {
      "name": "Reveler",
      "source": "TCM",
      "feats": [
        {
          "name": "Reveling Fool",
          "source": "TCM"
        }
      ],
      "skillProficiencies": [
        {
          "performance": true
        },
        {
          "stealth": true
        }
      ],
      "languageProficiencies": [
        {
          "choose": {
            "from": [
              "any"
            ],
            "count": 1
          }
        }
      ],
      "toolProficiencies": [
        {
          "choose": {
            "from": [
              "musical instrument (any)"
            ],
            "count": 1
          }
        }
      ],
      "entries": [
        "You traveled with the Lord of Fools’ unsettling revelry, learning its masks, mirth, and the madness beneath.",
        {
          "type": "list",
          "items": [
            "**Feat.** Reveling Fool.",
            "**Skills.** Performance, Stealth.",
            "**Languages.** One of your choice (Abyssal recommended).",
            "**Tools.** One kind of Musical Instrument.",
            "**Equipment.** Choose A or B: (A) Musical Instrument (same as above), Ball Bearings, Costume (jovial character with a laughing mask), Hunting Trap, Manacles, 3 Torches (for juggling), Traveler’s Clothes, 10 gp; or (B) 50 gp."
          ]
        },
        {
          "type": "entries",
          "name": "Reveler Story Threads",
          "entries": [
            {
              "type": "table",
              "colLabels": [
                "1d6",
                "Thread"
              ],
              "rows": [
                [
                  "1",
                  "Posters depicting your reveler guise appear in towns after the revel leaves."
                ],
                [
                  "2",
                  "You learned that some who vanish to ‘join’ the revel are sacrificed; you fled."
                ],
                [
                  "3",
                  "More people than usual have gone missing after recent revels."
                ],
                [
                  "4",
                  "Crows, owls, and other birds seem to cackle and laugh in your presence."
                ],
                [
                  "5",
                  "Another reveler may hide a sinister motive behind their jester’s guise."
                ],
                [
                  "6",
                  "You left after glimpsing the wickedness beneath the Lord of Fools’ jovial veneer."
                ]
              ]
            }
          ]
        },
        {
          "type": "entries",
          "name": "Reveler Trinkets",
          "entries": [
            {
              "type": "table",
              "colLabels": [
                "1d6",
                "Trinket"
              ],
              "rows": [
                [
                  "1",
                  "A small wind‑up bell concealed in the palm with a hidden button."
                ],
                [
                  "2",
                  "A dented metal spray bottle."
                ],
                [
                  "3",
                  "A string of colorful handkerchiefs tied together."
                ],
                [
                  "4",
                  "A tarnished silver bell that sometimes refuses to jingle."
                ],
                [
                  "5",
                  "Boots or slippers that squeak comically with each step."
                ],
                [
                  "6",
                  "A short scepter or baton with a horn on the cap."
                ]
              ]
            }
          ]
        }
      ]
    },
    {
      "name": "Scholar of the Forbidden",
      "source": "TCM",
      "feats": [
        {
          "name": "Dread Speech",
          "source": "TCM"
        }
      ],
      "skillProficiencies": [
        {
          "arcana": true
        },
        {
          "intimidation": true
        }
      ],
      "languageProficiencies": [
        {
          "choose": {
            "from": [
              "any"
            ],
            "count": 1
          }
        }
      ],
      "toolProficiencies": [
        "calligrapher's supplies"
      ],
      "entries": [
        "You delved into brittle pages and weathered tablets carved with blasphemy, seizing forbidden knowledge and cursed power.",
        {
          "type": "list",
          "items": [
            "**Feat.** Dread Speech.",
            "**Skills.** Arcana, Intimidation.",
            "**Languages.** One of your choice (Deep Speech recommended).",
            "**Tools.** Calligrapher’s Supplies.",
            "**Equipment.** Choose A or B: (A) Calligrapher’s Supplies, Book (a topic of arcana), Ink, Ink Pen, Lamp, Oil (3 flasks), Paper (10 sheets), 2 gp; or (B) 50 gp."
          ]
        },
        {
          "type": "entries",
          "name": "Scholar of the Forbidden Story Threads",
          "entries": [
            {
              "type": "table",
              "colLabels": [
                "1d6",
                "Thread"
              ],
              "rows": [
                [
                  "1",
                  "A wealthy patron wants what you found and paid you handsomely to research it."
                ],
                [
                  "2",
                  "Speaking the first secret word made you pass out; your lips later were cracked and blackened."
                ],
                [
                  "3",
                  "Something has followed you since you uncovered illicit secrets, drawing closer."
                ],
                [
                  "4",
                  "Your shadow converses with you when you’re alone."
                ],
                [
                  "5",
                  "The reflections of your eyes are black voids that no one else seems to notice."
                ],
                [
                  "6",
                  "Inquisitors or witch hunters hound you to silence you and your discoveries."
                ]
              ]
            }
          ]
        },
        {
          "type": "entries",
          "name": "Scholar of the Forbidden Trinkets",
          "entries": [
            {
              "type": "table",
              "colLabels": [
                "1d6",
                "Trinket"
              ],
              "rows": [
                [
                  "1",
                  "A broken fragment of a stone tablet carved with writhing symbols."
                ],
                [
                  "2",
                  "A desiccated bit of tentacle."
                ],
                [
                  "3",
                  "A small soapstone idol that always ends up on your person."
                ],
                [
                  "4",
                  "A book bound in humanoid skin with blank pages that absorb pigment."
                ],
                [
                  "5",
                  "An alien eyeball floating in preservative fluid."
                ],
                [
                  "6",
                  "An antique amulet with indecipherable symbols that whisper at the edge of consciousness."
                ]
              ]
            }
          ]
        }
      ]
    },
    {
      "name": "Wicker Weaver",
      "source": "TCM",
      "feats": [
        {
          "name": "Charm Twister",
          "source": "TCM"
        }
      ],
      "skillProficiencies": [
        {
          "insight": true
        },
        {
          "nature": true
        }
      ],
      "languageProficiencies": [
        "sylvan"
      ],
      "toolProficiencies": [
        "weaver's tools"
      ],
      "entries": [
        "You know ancient rites kept alive by secretive druids and hedge practitioners—remedies and hexes woven into wicker charms.",
        {
          "type": "list",
          "items": [
            "**Feat.** Charm Twister.",
            "**Skills.** Insight, Nature.",
            "**Languages.** Sylvan.",
            "**Tools.** Weaver’s Tools.",
            "**Equipment.** Choose A or B: (A) Quarterstaff, Weaver’s Tools, Basket (with dry reeds), Book (druidic lore), Iron Pot, Traveler’s Clothes, 19 gp; or (B) 50 gp."
          ]
        },
        {
          "type": "entries",
          "name": "Wicker Weaver Story Threads",
          "entries": [
            {
              "type": "table",
              "colLabels": [
                "1d6",
                "Thread"
              ],
              "rows": [
                [
                  "1",
                  "A charm you created ensured a healthy birth; the family sends heartfelt gifts."
                ],
                [
                  "2",
                  "Your mentor has become withdrawn and uncharacteristically agitated."
                ],
                [
                  "3",
                  "An order of druids, the Circle of Wicker, taught you their ways—for reasons unknown."
                ],
                [
                  "4",
                  "Someone offered a shocking sum to twist a charm for them; you’re tempted and unsettled."
                ],
                [
                  "5",
                  "You traded a hexed charm for a child’s toy that now binds misfortune to its owner."
                ],
                [
                  "6",
                  "You wove a hex into a charm to punish a criminal; they still nurse the grudge."
                ]
              ]
            }
          ]
        },
        {
          "type": "entries",
          "name": "Wicker Weaver Trinkets",
          "entries": [
            {
              "type": "table",
              "colLabels": [
                "1d6",
                "Trinket"
              ],
              "rows": [
                [
                  "1",
                  "A crescent woven from wicker and laced with silver wire."
                ],
                [
                  "2",
                  "A glass bauble—your first payment for hedge wisdom."
                ],
                [
                  "3",
                  "A tiny figure made of acorn caps from the oldest oak in the woods."
                ],
                [
                  "4",
                  "A rough‑forged knife with an etched blade."
                ],
                [
                  "5",
                  "A snake skull in a wicker cage."
                ],
                [
                  "6",
                  "A battered stuffed animal missing one eye."
                ]
              ]
            }
          ]
        }
      ]
    }
  ]
}