{
  "subclass": [
    {
      "name": "Path of the Experiment",
      "shortName": "Experiment",
      "className": "Barbarian",
      "classSource": "PHB",
      "source": "TCM"
    },
    {
      "name": "College of Whistles",
      "shortName": "Whistles",
      "className": "Bard",
      "classSource": "PHB",
      "source": "TCM"
    },
    {
      "name": "Harvest Domain",
      "shortName": "Harvest",
      "className": "Cleric",
      "classSource": "PHB",
      "source": "TCM"
    },
    {
      "name": "Circle of the Old Ways",
      "shortName": "Old Ways",
      "className": "Druid",
      "classSource": "PHB",
      "source": "TCM"
    },
    {
      "name": "Circle of Wicker",
      "shortName": "Wicker",
      "className": "Druid",
      "classSource": "PHB",
      "source": "TCM"
    },
    {
      "name": "Barrow Guard",
      "shortName": "Barrow Guard",
      "className": "Fighter",
      "classSource": "PHB",
      "source": "TCM"
    },
    {
      "name": "Warrior of the Pestilent Haze",
      "shortName": "Pestilent Haze",
      "className": "Monk",
      "classSource": "PHB",
      "source": "TCM"
    },
    {
      "name": "Oath of Castigation",
      "shortName": "Castigation",
      "className": "Paladin",
      "classSource": "PHB",
      "source": "TCM"
    },
    {
      "name": "Grim Harbinger",
      "shortName": "Grim Harbinger",
      "className": "Ranger",
      "classSource": "PHB",
      "source": "TCM"
    },
    {
      "name": "Sinner",
      "shortName": "Sinner",
      "className": "Rogue",
      "classSource": "PHB",
      "source": "TCM"
    },
    {
      "name": "Crimson Sorcery",
      "shortName": "Crimson Sorcery",
      "className": "Sorcerer",
      "classSource": "PHB",
      "source": "TCM"
    },
    {
      "name": "Great Fool Patron",
      "shortName": "Great Fool",
      "className": "Warlock",
      "classSource": "PHB",
      "source": "TCM"
    },
    {
      "name": "Horned King Patron",
      "shortName": "Horned King",
      "className": "Warlock",
      "classSource": "PHB",
      "source": "TCM"
    },
    {
      "name": "Occultist",
      "shortName": "Occultist",
      "className": "Wizard",
      "classSource": "PHB",
      "source": "TCM"
    },
    {
      "name": "Philosopher",
      "shortName": "Philosopher",
      "className": "Wizard",
      "classSource": "PHB",
      "source": "TCM"
    }
  ],
  "classFeature": [
    {
      "name": "Death Knight",
      "source": "TCM",
      "className": "Fighter",
      "classSource": "PHB",
      "level": 3,
      "subclassShortName": "Barrow Guard",
      "subclassSource": "TCM",
      "entries": [
        "You house within you the remnants of long‑departed souls, channeling necromantic force as Draugr Dice that fuel your powers. The Barrow Guard Draugr Dice table shows the die size and number of dice you have as you gain Fighter levels. Some powers expend a Draugr Die; you can’t use such a power if you have no dice left. You regain one expended Draugr Die when you finish a Short Rest and all expended dice when you finish a Long Rest. Your power save DC equals 8 + your Constitution modifier + your Proficiency Bonus.\n\n**Draugr Dice (Barrow Guard)** — Fighter 3: 4d6; 5: 6d8; 9: 8d8; 11: 8d10; 13: 10d10; 17: 12d12.\n\n**Dark Rider.** As a Bonus Action, you manifest a ghostly Undead steed (Warhorse statistics; Resistance to bludgeoning, piercing, and slashing; can only Dash/Disengage/Dodge). When it Dashes, you can expend and roll a Draugr Die; during that movement its Speed increases by 5 × the number rolled. The steed lasts 1 hour, or until reduced to 0 HP, or you are Incapacitated, or you die. Once you create the steed, you can’t do so again until a Short or Long Rest, unless you expend a Draugr Die (no action) to restore the use.\n\n**Grave Guard.** When you take damage, you can take a Reaction to expend and roll a Draugr Die, reducing the damage by the number rolled + your Constitution modifier.\n\n**Soul Reaper.** When you take the Attack action, you can forgo one attack to call forth ghostly hands around a creature within 60 feet. Expend and roll a Draugr Die; the target makes a Strength save. On a failed save, it takes Necrotic damage equal to the number rolled + your Constitution modifier and is Grappled (escape DC = your power save DC) for 1 minute. On a success, it takes half damage only."
      ]
    },
    {
      "name": "Siphoning Souls",
      "source": "TCM",
      "className": "Fighter",
      "classSource": "PHB",
      "level": 7,
      "subclassShortName": "Barrow Guard",
      "subclassSource": "TCM",
      "entries": [
        "**Mortal Coil.** When a non‑Construct, non‑Undead enemy within 30 feet dies, you can take a Reaction to regain one expended Draugr Die.\n\n**Whisper of the Departed.** When you make an ability check, you can expend and roll a Draugr Die and add the number rolled to the total."
      ]
    },
    {
      "name": "Tomb Castellan",
      "source": "TCM",
      "className": "Fighter",
      "classSource": "PHB",
      "level": 10,
      "subclassShortName": "Barrow Guard",
      "subclassSource": "TCM",
      "entries": [
        "Your Death Knight powers improve:\n\n**Phantom Charger.** Your Dark Rider steed ignores Difficult Terrain. When the steed takes the Dash, Disengage, or Dodge action, you can expend and roll a Draugr Die to magically teleport it (and you if mounted) to an unoccupied space you can see within 60 feet. Each creature of your choice within 10 feet of where it appears must make a Constitution save, taking Necrotic damage equal to the number rolled + your Constitution modifier on a failed save, or half as much on a success.\n\n**Death Knell.** When you use Grave Guard in response to taking damage, the source of that damage takes Psychic damage equal to half the amount reduced by Grave Guard.\n\n**Spectral Shrieking.** When a creature Grappled by your Soul Reaper starts its turn, it takes Psychic damage equal to your Proficiency Bonus. When it does, you can take a Reaction to expend and roll a Draugr Die, adding the roll to the damage."
      ]
    },
    {
      "name": "Grave Lord",
      "source": "TCM",
      "className": "Fighter",
      "classSource": "PHB",
      "level": 15,
      "subclassShortName": "Barrow Guard",
      "subclassSource": "TCM",
      "entries": [
        "**On a Pale Horse.** When you use Dark Rider, you can allow one creature of your choice to mount the steed in addition to you. When you expend a Draugr Die during the steed’s Dash, it (and any riders) can move through creatures and solid objects as if they were Difficult Terrain. If it ends its turn inside an object, it and any riders take 1d10 Force damage and are shunted to the nearest unoccupied space.\n\n**Sepulchral Shield.** When you use Grave Guard, choose one of the triggering damage types; you have Resistance to that type (including the triggering damage) until the start of your next turn.\n\n**Death Grip.** A creature Grappled by your Soul Reaper is also Restrained until the grapple ends."
      ]
    },
    {
      "name": "Might of the Necropolis",
      "source": "TCM",
      "className": "Fighter",
      "classSource": "PHB",
      "level": 18,
      "subclassShortName": "Barrow Guard",
      "subclassSource": "TCM",
      "entries": [
        "**Eternal Vigil.** You no longer suffer the effects of aging, can’t be magically aged, and don’t die of old age. You no longer require air, food, drink, or sleep.\n\n**Restless Dead.** When you roll Initiative, if you have fewer than 3 Draugr Dice, you regain expended dice until you have 3."
      ]
    },
    {
      "name": "Oath of Castigation Tenets",
      "source": "TCM",
      "className": "Paladin",
      "classSource": "PHB",
      "level": 3,
      "subclassShortName": "Castigation",
      "subclassSource": "TCM",
      "entries": [
        "**Burn away all doubt in pursuit of duty.**\n**Purge the wicked and corrupt; spare the innocent.**\n**Sin is forgiven through suffering equal to the pain it inflicted.**"
      ]
    },
    {
      "name": "Channel Divinity: Castigate",
      "source": "TCM",
      "className": "Paladin",
      "classSource": "PHB",
      "level": 3,
      "subclassShortName": "Castigation",
      "subclassSource": "TCM",
      "entries": [
        "As a Magic action, expend Channel Divinity to shackle foes in cleansing fire. Choose creatures up to your Charisma modifier (minimum 1) within 30 feet. Each target makes a Strength save or is wrapped in fiery shackles and its Speed is reduced to 0. As a Bonus Action, you can flare the shackles, dealing 2d6 Fire damage to each shackled creature. A shackled creature repeats the save at the end of each of its turns, ending the effect on a success. After 1 minute, it succeeds automatically."
      ]
    },
    {
      "name": "Channel Divinity: Incite",
      "source": "TCM",
      "className": "Paladin",
      "classSource": "PHB",
      "level": 3,
      "subclassShortName": "Castigation",
      "subclassSource": "TCM",
      "entries": [
        "As a Magic action, expend Channel Divinity to sharpen your judgment. For 10 minutes, you have Advantage on Intelligence (Investigation) and Wisdom (Insight) checks. During that time, you can take a Bonus Action to force a creature within 10 feet to make a Charisma save or be Frightened for 1 minute. While Frightened this way, the target can’t speak a deliberate lie. The effect ends early if the target takes any damage or if you use this Bonus Action again."
      ]
    },
    {
      "name": "Oath of Castigation Spells",
      "source": "TCM",
      "className": "Paladin",
      "classSource": "PHB",
      "level": 3,
      "subclassShortName": "Castigation",
      "subclassSource": "TCM",
      "entries": [
        {
          "type": "table",
          "colLabels": [
            "Paladin Level",
            "Spells"
          ],
          "rows": [
            [
              "3",
              "Divine Favor, Inflict Wounds"
            ],
            [
              "5",
              "Chain of Conviction (TCM), Hold Person"
            ],
            [
              "9",
              "Counterspell, Speak with Dead"
            ],
            [
              "13",
              "Consuming Pyre (TCM), Locate Creature"
            ],
            [
              "17",
              "Flame Strike, Hold Monster"
            ]
          ]
        }
      ]
    },
    {
      "name": "Kindling Aura",
      "source": "TCM",
      "className": "Paladin",
      "classSource": "PHB",
      "level": 7,
      "subclassShortName": "Castigation",
      "subclassSource": "TCM",
      "entries": [
        "You and allies within your Aura of Protection ignore Resistance to Fire and Radiant damage. When an affected creature hits with a weapon attack, it can deal Fire damage instead of the weapon’s normal type. In addition, you and affected creatures in the aura add your Charisma modifier (minimum +1) to Intelligence (Investigation) and Wisdom (Insight) checks."
      ]
    },
    {
      "name": "Fervent Inquisitor",
      "source": "TCM",
      "className": "Paladin",
      "classSource": "PHB",
      "level": 15,
      "subclassShortName": "Castigation",
      "subclassSource": "TCM",
      "entries": [
        "When a creature damages you or an ally within 30 feet that you can see, you can take a Reaction to gain Advantage on your next attack roll against that creature. Additionally, whenever you deal Fire or Radiant damage to a Bloodied creature, you instantly become aware of any deliberate lies it has told you in the past 24 hours."
      ]
    },
    {
      "name": "Fire and Brimstone",
      "source": "TCM",
      "className": "Paladin",
      "classSource": "PHB",
      "level": 20,
      "subclassShortName": "Castigation",
      "subclassSource": "TCM",
      "entries": [
        "As a Bonus Action, you embody cleansing flame for 10 minutes or until you end it (no action). Once used, you can’t use it again until a Long Rest, or you can restore it by expending a 5th‑level spell slot (no action). While active, you gain the following benefits:\n\n**Blazing Ardor.** You have Immunity to Fire damage.\n\n**Relentless Judgment.** Your fiery lashes extend your reach by 10 feet, and your melee attacks ignore Half and Three‑Quarters Cover.\n\n**Punish the Wicked.** When you hit with an Opportunity Attack, or when a Hostile creature ends its turn within your reach, the creature must make a Charisma save or fall Prone and have its Speed reduced to 0 until the start of its next turn."
      ]
    },
    {
      "name": "Grim Harbinger Spells",
      "className": "Ranger",
      "subclassShortName": "Grim Harbinger",
      "level": 3,
      "source": "TCM",
      "entries": [
        "When you reach certain Ranger levels, you always have the listed spell prepared.",
        {
          "type": "table",
          "caption": "Grim Harbinger Spells",
          "colLabels": [
            "Ranger Level",
            "Spells"
          ],
          "rows": [
            [
              "3",
              "{@spell bane}"
            ],
            [
              "5",
              "{@spell hold person}"
            ],
            [
              "9",
              "{@spell fear}"
            ],
            [
              "13",
              "{@spell intrusive despair|TCM}"
            ],
            [
              "17",
              "{@spell dream}"
            ]
          ]
        }
      ]
    },
    {
      "name": "Omen of Doom",
      "className": "Ranger",
      "subclassShortName": "Grim Harbinger",
      "level": 3,
      "source": "TCM",
      "entries": [
        "As a Bonus Action, target a creature you can see within 90 feet and magically seal its doom for 1 hour. Once per turn when you hit the doomed target with an attack, it takes an extra 1d6 necrotic damage.",
        "A ghostly guardian spirit called a {@i grim} appears in an unoccupied space within 30 feet of the target. The grim is friendly to you and your allies and obeys your commands. It vanishes if you die, when the doomed creature dies, when it is reduced to 0 hit points, or when you use this feature again.",
        "You can use this feature a number of times equal to your Wisdom modifier (minimum of once), regaining all expended uses when you finish a Short or Long Rest. You can also expend a spell slot to restore an expended use (no action required).",
        {
          "type": "entries",
          "name": "The Grim in Combat",
          "entries": [
            "In combat, the grim acts during your turn. It can move and use its Reaction on its own, but the only action it takes is the Dodge action unless you take a Bonus Action to command it to take an action in its stat block or some other action. You can also command it as part of the Bonus Action you take to use Omen of Doom, or you can sacrifice one of your attacks when you take the Attack action to command the grim to take the Ominous Rend action. If you are incapacitated, the grim acts on its own and is not limited to the Dodge action."
          ]
        },
        {
          "type": "inset",
          "name": "Grim",
          "entries": [
            "**Medium undead, neutral**",
            "**AC** 13 + your Wisdom modifier; **HP** 5 + five times your Ranger level (the grim has a number of Hit Dice [d8s] equal to your Ranger level); **Speed** 40 ft.",
            "**STR** 16 (+3), **DEX** 16 (+3), **CON** 14 (+2), **INT** 14 (+2), **WIS** 10 (+0), **CHA** 10 (+0)",
            "**Immunities** necrotic; frightened, grappled, petrified, poisoned, prone, restrained",
            "**Senses** darkvision 60 ft., passive Perception 10; **Languages** understands the languages you know; **CR** — (PB equals your proficiency bonus)",
            {
              "type": "entries",
              "name": "Traits",
              "entries": [
                {
                  "type": "entries",
                  "name": "Incorporeal Movement",
                  "entries": [
                    "The grim can move through other creatures and objects as if they were difficult terrain. It takes 1d10 force damage if it ends its turn inside an object."
                  ]
                },
                {
                  "type": "entries",
                  "name": "Shared Fate",
                  "entries": [
                    "Add your proficiency bonus to any ability check or saving throw the grim makes."
                  ]
                }
              ]
            },
            {
              "type": "entries",
              "name": "Actions",
              "entries": [
                {
                  "type": "entries",
                  "name": "Ominous Rend",
                  "entries": [
                    "Melee Attack: attack bonus equals your spell attack modifier, reach 5 ft.; Hit: 1d6 + 3 + your Wisdom modifier necrotic damage, and if the target is a creature, it is frightened until the start of your next turn."
                  ]
                }
              ]
            },
            {
              "type": "entries",
              "name": "Reactions",
              "entries": [
                {
                  "type": "entries",
                  "name": "Baleful Howl",
                  "entries": [
                    "Trigger: A creature moves out of the grim’s reach. The triggering creature must succeed on a Wisdom saving throw against your spell save DC or its Speed is 0 until the end of the turn."
                  ]
                }
              ]
            }
          ]
        }
      ]
    },
    {
      "name": "Harbinger of Doom",
      "className": "Ranger",
      "subclassShortName": "Grim Harbinger",
      "level": 7,
      "source": "TCM",
      "entries": [
        "Your control over doom grows stronger.",
        {
          "type": "list",
          "items": [
            {
              "type": "item",
              "name": "Graveyard Hunter.",
              "entry": "The grim’s Ominous Rend deals an extra 1d6 necrotic damage on a hit."
            },
            {
              "type": "item",
              "name": "Mortal Reminder.",
              "entry": "When you deal damage to a creature doomed by your Omen of Doom, you can change the damage type to necrotic."
            },
            {
              "type": "item",
              "name": "Mounting Dread.",
              "entry": "Necrotic damage dealt by you or the grim ignores resistance."
            }
          ]
        }
      ]
    },
    {
      "name": "Grave Bond",
      "className": "Ranger",
      "subclassShortName": "Grim Harbinger",
      "level": 11,
      "source": "TCM",
      "entries": [
        "You draw deeper strength from the grave.",
        {
          "type": "list",
          "items": [
            {
              "type": "item",
              "name": "Ghastly Hound.",
              "entry": "The grim gains resistance to bludgeoning, piercing, and slashing damage."
            },
            {
              "type": "item",
              "name": "Grave Fortitude.",
              "entry": "You gain resistance to necrotic damage."
            },
            {
              "type": "item",
              "name": "Inescapable Fate.",
              "entry": "When the target of your Omen of Doom succeeds on a saving throw, you can take a Reaction to force it to reroll with disadvantage and use the new roll. Once you cause a save to fail with this benefit, you can’t use it again until the current Omen of Doom ends."
            }
          ]
        }
      ]
    },
    {
      "name": "Sealed Fate",
      "className": "Ranger",
      "subclassShortName": "Grim Harbinger",
      "level": 15,
      "source": "TCM",
      "entries": [
        "Your Omen of Doom reaches its peak.",
        {
          "type": "list",
          "items": [
            {
              "type": "item",
              "name": "Jaws of Doom.",
              "entry": "The grim’s Ominous Rend deals an extra 1d6 necrotic damage (total 2d6 extra)."
            },
            {
              "type": "item",
              "name": "Marked for Death.",
              "entry": "When you use Omen of Doom, you can force the target to make a Charisma saving throw against your spell save DC. On a failure, until the current Omen of Doom ends, the target has vulnerability to damage dealt by the grim and to the extra damage you deal with Omen of Doom. Once used, you can’t use this again until you finish a Long Rest, unless you expend a 4th-level or higher spell slot to restore it (no action required)."
            }
          ]
        }
      ]
    },
    {
      "name": "Hex Slinger",
      "className": "Rogue",
      "subclassShortName": "Sinner",
      "level": 3,
      "source": "TCM",
      "entries": [
        "When you deal damage to a creature with your Sneak Attack, you can unleash Jinxcraft. Before rolling Sneak Attack dice, designate two of the dice. The total on those dice determines the jinx from the Hex Slinger Jinxes table. Uses equal to your Charisma modifier (minimum 1); you regain all expended uses when you finish a Short Rest.",
        {
          "type": "table",
          "caption": "Hex Slinger Jinxes",
          "colLabels": [
            "2d6",
            "Jinx"
          ],
          "rows": [
            [
              "2",
              "Snake Eyes. On the target’s next turn, it can only do one: move or take an action or a Bonus Action. If it targets you or your allies with an attack on that turn, it takes 2d6 psychic damage."
            ],
            [
              "3–4",
              "The Nightmare. The target is frightened until the end of its next turn and must immediately use its Reaction to move as far as it can away from you, up to its Speed."
            ],
            [
              "5–6",
              "Whiskey Bottle. The target drops anything it’s holding. Until the end of its next turn, when the target picks up an item, it must succeed on a DC 15 Dexterity save or drop it immediately."
            ],
            [
              "7",
              "Cheap Shot. Until the end of its next turn, the target’s Speed is halved, and attack rolls against it have advantage."
            ],
            [
              "8–9",
              "Withered Arm. Until the end of its next turn, the target has disadvantage on d20 Tests that rely on Strength."
            ],
            [
              "10–11",
              "Bad Luck. Until the end of its next turn, when the target makes an attack roll or a saving throw, it subtracts 1d6 from the total."
            ],
            [
              "12",
              "Dead Man. If the next attack roll you make before the end of your next turn misses, it hits instead. If that first attack roll hits, the attack is a critical hit; on a natural 20, roll the attack’s damage dice three times instead of twice."
            ]
          ]
        }
      ]
    },
    {
      "name": "Get Jinxed",
      "className": "Rogue",
      "subclassShortName": "Sinner",
      "level": 3,
      "source": "TCM",
      "entries": [
        "You learn the secret art of Jinxcrafting—drawing power from dark deeds and deals of sin. You gain the following benefits:",
        {
          "type": "list",
          "items": [
            {
              "type": "item",
              "name": "Cards and Bones.",
              "entry": "You gain proficiency with two gaming sets of your choice (playing cards and dice recommended)."
            },
            {
              "type": "item",
              "name": "Jinx Weapon.",
              "entry": "As a 1-hour ritual using a gaming set, you magically create a jinx weapon that channels your Jinxcraft. It takes the form of a pistol or a gaming set (which uses pistol statistics). For you, the jinx weapon ignores the Loading property and creates its own ammunition that deals force damage. In gaming set form, you throw cards, dice, or other pieces, or loose bolts of hex magic. Alternatively, you can imbue Jinxcraft into a a simple or martial weapon you are proficient with; it then deals force damage instead of its normal type. If you create a second jinx weapon, the first vanishes or its Jinxcraft ends."
            },
            {
              "type": "item",
              "name": "Parlor Trick.",
              "entry": "You learn one cantrip: {@spell dancing lights}, {@spell mage hand}, {@spell minor illusion}, {@spell mysterious presence|TCM}, or {@spell prestidigitation}. Charisma is your spellcasting ability for it."
            }
          ]
        }
      ]
    },
    {
      "name": "Borrowed Luck",
      "className": "Rogue",
      "subclassShortName": "Sinner",
      "level": 9,
      "source": "TCM",
      "entries": [
        "When you use Hex Slinger, you siphon a sliver of the target’s luck. You gain Heroic Inspiration if you don’t already have it. If you do, you can expend your Heroic Inspiration instead of expending a use of Hex Slinger."
      ]
    },
    {
      "name": "Pick Your Poison",
      "className": "Rogue",
      "subclassShortName": "Sinner",
      "level": 13,
      "source": "TCM",
      "entries": [
        "When you use Hex Slinger, you can roll the designated Sneak Attack dice twice and choose which total to use. If the chosen roll shows the same number on both dice, the target takes psychic damage equal to half your level. If the chosen roll is a 2 or a 12, you don’t expend that use of Hex Slinger."
      ]
    },
    {
      "name": "The Other Side",
      "className": "Rogue",
      "subclassShortName": "Sinner",
      "level": 17,
      "source": "TCM",
      "entries": [
        "You can call on your otherworldly friends to change the odds in your favor.",
        {
          "type": "list",
          "items": [
            {
              "type": "item",
              "name": "Crossroads Devilry.",
              "entry": "When you miss with an attack roll or fail a saving throw, you can expend and roll any number of your Sneak Attack dice (choose before you roll) and add the total to the attack roll or save."
            },
            {
              "type": "item",
              "name": "Lady Luck’s Smiling.",
              "entry": "When a creature hits you with an attack roll, you can expend and roll any number of your Sneak Attack dice (choose before you roll) and add the total to your AC against that attack, potentially causing it to miss."
            }
          ]
        },
        "Expended dice from these benefits return after you next use your Sneak Attack."
      ]
    },
    {
      "name": "Great Fool Spells",
      "className": "Warlock",
      "subclassShortName": "Great Fool",
      "level": 3,
      "source": "TCM",
      "entries": [
        "You always have these spells prepared at the Warlock levels shown.",
        {
          "type": "table",
          "caption": "Great Fool Spells",
          "colLabels": [
            "Warlock Level",
            "Spells"
          ],
          "rows": [
            [
              "3",
              "{@spell disguise self}, {@spell hideous laughter|tce|Tasha's Hideous Laughter}, {@spell rope trick}, {@spell spiritual weapon}, {@spell vicious mockery}"
            ],
            [
              "5",
              "{@spell blink}, {@spell stinking cloud}"
            ],
            [
              "7",
              "{@spell phantasmal killer}, {@spell puppet master|TCM}"
            ],
            [
              "9",
              "{@spell arcane hand}, {@spell mislead}"
            ]
          ]
        }
      ]
    },
    {
      "name": "Killing Joke",
      "className": "Warlock",
      "subclassShortName": "Great Fool",
      "level": 3,
      "source": "TCM",
      "entries": [
        "When a creature you can see within 60 feet takes damage or fails a saving throw, you can take a Reaction to cast {@spell vicious mockery} on that creature. Uses equal to your Charisma modifier (minimum once). You regain one expended use when you finish a Short Rest, and all expended uses when you finish a Long Rest."
      ]
    },
    {
      "name": "Jester’s Japes",
      "className": "Warlock",
      "subclassShortName": "Great Fool",
      "level": 6,
      "source": "TCM",
      "entries": [
        "As a Magic action, target a creature within 60 feet. It must succeed on a Charisma saving throw against your spell save DC or suffer one of the following curses (your choice) for 1 minute:",
        {
          "type": "list",
          "items": [
            {
              "type": "item",
              "name": "Flower Spurt.",
              "entry": "The target is {@condition blinded}."
            },
            {
              "type": "item",
              "name": "Clown Shoes.",
              "entry": "The target’s Speed is halved, and it has disadvantage on Dexterity ability checks and saving throws."
            },
            {
              "type": "item",
              "name": "Honk Honk.",
              "entry": "The target emits audible sounds with every movement (audible out to 100 feet) and can’t benefit from the Invisible condition."
            },
            {
              "type": "item",
              "name": "Jolly Arms.",
              "entry": "The target’s weapons and unarmed strikes appear comical; it deals half damage with weapon attacks and unarmed strikes."
            }
          ]
        },
        "The target repeats the saving throw at the end of each of its turns, ending the curse on a success. Once you use this feature, you can’t use it again until you finish a Short or Long Rest."
      ]
    },
    {
      "name": "Mocking Banter",
      "className": "Warlock",
      "subclassShortName": "Great Fool",
      "level": 10,
      "source": "TCM",
      "entries": [
        "When a creature damages you, you can take a Reaction to force it to make a Wisdom saving throw against your spell save DC. On a failed save, the creature takes psychic damage equal to the triggering damage you took, or half as much on a success. Once you use this Reaction, you can’t use it again until you finish a Short or Long Rest."
      ]
    },
    {
      "name": "Send in the Clowns",
      "className": "Warlock",
      "subclassShortName": "Great Fool",
      "level": 14,
      "source": "TCM",
      "entries": [
        "As a Magic action, summon three ghostly jesters and make up to three melee spell attacks against creatures within 60 feet. On a hit, a target takes 2d10 psychic damage and either has the frightened condition until the end of its next turn or the prone condition (your choice). You can use your action on subsequent turns to repeat the attacks. The fools remain for 1 minute or until you are incapacitated or die. Once you use this feature, you can’t do so again until you finish a Long Rest."
      ]
    },
    {
      "name": "Horned King Spells",
      "className": "Warlock",
      "subclassShortName": "Horned King",
      "level": 3,
      "source": "TCM",
      "entries": [
        "You always have these spells prepared at the Warlock levels shown.",
        {
          "type": "table",
          "caption": "Horned King Spells",
          "colLabels": [
            "Warlock Level",
            "Spells"
          ],
          "rows": [
            [
              "3",
              "{@spell animal friendship}, {@spell bane}, {@spell spike growth}, {@spell suggestion}"
            ],
            [
              "5",
              "{@spell bestow curse}, {@spell fly}"
            ],
            [
              "7",
              "{@spell phantasmal killer}, {@spell polymorph}"
            ],
            [
              "9",
              "{@spell dominate person}, {@spell scrying}"
            ]
          ]
        }
      ]
    },
    {
      "name": "Witch Mark",
      "className": "Warlock",
      "subclassShortName": "Horned King",
      "level": 3,
      "source": "TCM",
      "entries": [
        "When you finish a Long Rest, you can imbue magic into a nonmagical Tiny object you’re holding. Choose one of your prepared Warlock spells with a casting time of an action. A creature holding the marked object can take a Magic action to cast the spell (using your Charisma, spell attack bonus, and spell save DC). The mark fades when the spell is cast from it or when you finish a Long Rest."
      ]
    },
    {
      "name": "Malediction",
      "className": "Warlock",
      "subclassShortName": "Horned King",
      "level": 3,
      "source": "TCM",
      "entries": [
        "As a Magic action, curse a creature you can see within 60 feet until the end of its next turn, or use a Reaction when a creature within range targets you with an attack roll or a spell to apply a curse. Uses equal to your Charisma modifier (minimum once); you regain all expended uses when you finish a Long Rest.",
        {
          "type": "list",
          "items": [
            {
              "type": "item",
              "name": "Agony.",
              "entry": "The target has disadvantage on its next attack roll or on its next Constitution saving throw to maintain concentration (your choice)."
            },
            {
              "type": "item",
              "name": "Hate.",
              "entry": "The target has disadvantage on its next Intelligence, Wisdom, or Charisma saving throw (your choice)."
            },
            {
              "type": "item",
              "name": "Rot.",
              "entry": "The next time the target takes damage, it takes an extra 1d10 necrotic damage and can’t regain hit points until the end of its next turn."
            }
          ]
        }
      ]
    },
    {
      "name": "Spiteful Curse",
      "className": "Warlock",
      "subclassShortName": "Horned King",
      "level": 6,
      "source": "TCM",
      "entries": [
        "When you use Malediction, you can cast {@spell bestow curse} once without a spell slot as part of that action or Reaction, regaining the ability to do so when you finish a Long Rest. If the target succeeds on its saving throw against the spell, your use of this feature isn’t expended. When you cast the spell this way, its range is 60 feet and it lasts 1 minute with no concentration required. If the target succeeds on its saving throw, choose one Malediction curse; the target suffers that curse instead."
      ]
    },
    {
      "name": "Crown of Horns",
      "className": "Warlock",
      "subclassShortName": "Horned King",
      "level": 10,
      "source": "TCM",
      "entries": [
        "As a Bonus Action, manifest the Horned King’s might for 1 minute (antlers, horned crown, etc.). Once you use this, you can’t use it again until you finish a Long Rest unless you expend a Pact Magic spell slot (no action required) to restore it.",
        {
          "type": "list",
          "items": [
            {
              "type": "item",
              "name": "Dark Heart.",
              "entry": "Once on each of your turns when you damage a creature, it takes an extra 1d8 necrotic damage."
            },
            {
              "type": "item",
              "name": "King of All.",
              "entry": "You radiate a 20‑foot emanation. When you activate this feature, and at the start of each of your turns, choose a creature you can see in the aura. It must succeed on a Charisma save against your spell save DC or suffer one effect of your choice until the start of your next turn: Charmed; Disadvantage on attack rolls and ability checks; or Frightened and must move away from you by the safest route unless there is nowhere to move."
            }
          ]
        }
      ]
    },
    {
      "name": "Gather the Coven",
      "className": "Warlock",
      "subclassShortName": "Horned King",
      "level": 14,
      "source": "TCM",
      "entries": [
        "Perform a 1-hour ritual (during a rest) to form a bond with up to six willing creatures within 10 feet. You can end the bond (no action) for any number of creatures, and it ends when you die. The bond grants the following:",
        {
          "type": "list",
          "items": [
            {
              "type": "item",
              "name": "Witchcraft.",
              "entry": "Choose one Malediction curse. Each bonded creature can use that Reaction option once; it regains the use after finishing a Long Rest."
            },
            {
              "type": "item",
              "name": "Fly By Night.",
              "entry": "As a Bonus Action, choose a bonded creature on the same plane; you teleport to the nearest unoccupied space next to it. Use once per Short or Long Rest. If your Crown of Horns is active, this use isn’t expended."
            },
            {
              "type": "item",
              "name": "Hand of the King.",
              "entry": "While your Crown of Horns is active, the first time a bonded creature damages another creature on its turn, the target takes an extra 1d10 necrotic damage."
            }
          ]
        }
      ]
    },
    {
      "name": "Alchemical Experiments",
      "source": "TCM",
      "className": "Barbarian",
      "classSource": "PHB",
      "level": 3,
      "subclassShortName": "Experiment",
      "subclassSource": "TCM",
      "entries": [
        "You gain a set of Alchemist’s Supplies and proficiency with it. You can use Alchemist’s Supplies instead of an Herbalism Kit to craft Potions of Healing."
      ]
    },
    {
      "name": "Volatile Serum",
      "source": "TCM",
      "className": "Barbarian",
      "classSource": "PHB",
      "level": 3,
      "subclassShortName": "Experiment",
      "subclassSource": "TCM",
      "entries": [
        "You have embedded syringes and reservoirs that flood your body with alchemical serums. When you enter your Rage, choose a serum to inject; it lasts for the duration of your Rage, or until you choose a new serum as a Bonus Action.",
        {
          "type": "list",
          "items": [
            {
              "type": "item",
              "name": "Ferocity.",
              "entry": "You ignore Difficult Terrain. When you hit with a melee weapon or Unarmed Strike, you can also activate the Cleave mastery property in addition to another mastery you’re using."
            },
            {
              "type": "item",
              "name": "Monstrosity.",
              "entry": "Your reach increases by 5 feet. Once per turn when you miss with a Strength-based attack roll, add your Rage Damage bonus to the total, potentially turning the miss into a hit. If you are smaller than Large, you become Large; if there isn’t room, you don’t change size."
            },
            {
              "type": "item",
              "name": "Reconstruction.",
              "entry": "Upon activation and at the start of each of your turns, you can expend and roll a Hit Die. You regain HP equal to the roll + your CON modifier (minimum 1). Excess becomes Temporary HP. If you take Acid or Fire damage, this serum doesn’t function at the start of your next turn."
            }
          ]
        }
      ]
    },
    {
      "name": "Augmentation Compounds",
      "source": "TCM",
      "className": "Barbarian",
      "classSource": "PHB",
      "level": 6,
      "subclassShortName": "Experiment",
      "subclassSource": "TCM",
      "entries": [
        "When you enter your Rage or change your serum, you can also activate one compound. It lasts for the duration of your Rage, or until you choose a new compound.",
        {
          "type": "list",
          "items": [
            {
              "type": "item",
              "name": "Stimulated Senses.",
              "entry": "You gain Blindsight 30 ft. (if you already have Blindsight, increase its range by 30 ft.)."
            },
            {
              "type": "item",
              "name": "Maddening Fumes.",
              "entry": "Your skin emits aggression-spiking fumes in a 30‑ft Emanation. While in the Emanation, a creature that starts its turn there must succeed on a Wisdom save (DC 8 + CON mod + PB) or have Disadvantage on attack rolls against targets other than you until the start of its next turn."
            },
            {
              "type": "item",
              "name": "Corrosive Expulsion.",
              "entry": "When you take the Attack action, you can replace one attack with a spray of caustic chemicals in a 15‑ft cone or a 30‑ft by 5‑ft line (choose each time). Each creature in the area makes a Dexterity save (DC 8 + CON mod + PB). Roll a number of d8s equal to your Rage Damage bonus; on a failed save the target takes Acid damage equal to the total, or half as much on a success."
            }
          ]
        }
      ]
    },
    {
      "name": "Reactive Catalyst",
      "source": "TCM",
      "className": "Barbarian",
      "classSource": "PHB",
      "level": 10,
      "subclassShortName": "Experiment",
      "subclassSource": "TCM",
      "entries": [
        "When you take damage, or when you gain the Blinded, Deafened, Poisoned, or Stunned condition, you can take a Reaction to enter your Rage before the damage or conditions apply. When you enter your Rage, you end any of those conditions on yourself. Additionally, while Raging you have Advantage on Constitution saving throws."
      ]
    },
    {
      "name": "Biochemical Admixture",
      "source": "TCM",
      "className": "Barbarian",
      "classSource": "PHB",
      "level": 14,
      "subclassShortName": "Experiment",
      "subclassSource": "TCM",
      "entries": [
        "When you activate Volatile Serum, you activate two serum options instead of one.",
        "Additionally, while your Rage is active, when a creature within 5 feet of you damages you with a melee attack, it takes 1d12 Acid damage (once per turn per creature).",
        {
          "type": "inset",
          "name": "Experimental Implants (Flavor)",
          "entries": [
            "Roll 1d6 or choose: Alchemical Injector; Alien Grafts; Construct Prosthesis; Crystal Formations; Fungal Inoculation; Sparktech Augmentation."
          ]
        }
      ]
    },
    {
      "name": "Handy Haints",
      "source": "TCM",
      "className": "Bard",
      "classSource": "PHB",
      "level": 3,
      "subclassShortName": "Whistles",
      "subclassSource": "TCM",
      "entries": [
        "When you inspire a creature with Bardic Inspiration, you can summon a ghostly haint that drifts around the inspired creature, creating a 15‑ft Emanation aura for 1 minute. The haint vanishes early if you summon a new one, use its Reaction benefit, or if you’re Incapacitated or die. Choose a form when you summon it:",
        {
          "type": "list",
          "items": [
            {
              "type": "item",
              "name": "Grump.",
              "entry": "Allies in the aura (including the inspired creature) have Advantage on Charisma (Intimidation) checks and Strength saving throws. Reaction: When a creature in the aura deals damage, increase the damage to one target by a roll of your Bardic Inspiration die + your CHA modifier."
            },
            {
              "type": "item",
              "name": "Sad Sack.",
              "entry": "Allies in the aura have Half Cover against ranged attacks. Reaction: When a creature in the aura takes damage, reduce it by a roll of your Bardic Inspiration die + your CHA modifier."
            },
            {
              "type": "item",
              "name": "Scamp.",
              "entry": "A creature that starts its turn in the aura increases its Speed by 10 ft. until the end of its turn. Reaction: When a creature in the aura fails a saving throw, it can reroll the d20."
            }
          ]
        }
      ]
    },
    {
      "name": "Whistling Wanderer",
      "source": "TCM",
      "className": "Bard",
      "classSource": "PHB",
      "level": 3,
      "subclassShortName": "Whistles",
      "subclassSource": "TCM",
      "entries": [
        {
          "type": "entries",
          "name": "Wanderer’s Bindle",
          "entries": [
            "After a Long Rest, touch a nonmagical bag/sack to turn it into a magical bindle (functions as a Handy Haversack). Creating another, moving more than 1 mile away, or dying ends its magic and drops contents in nearest unoccupied spaces."
          ]
        },
        {
          "type": "entries",
          "name": "Whistled Spells",
          "entries": [
            "You can whistle in place of Verbal components for Bard spells. Observers unfamiliar with this tradition must succeed on a DC 15 Intelligence (Arcana) check to recognize the spellcasting from whistled Verbal components alone."
          ]
        }
      ]
    },
    {
      "name": "Homeward Bound",
      "source": "TCM",
      "className": "Bard",
      "classSource": "PHB",
      "level": 6,
      "subclassShortName": "Whistles",
      "subclassSource": "TCM",
      "entries": [
        "You can mark locations to use with {@spell teleportation circle}. As an action, you inscribe an invisible sigil at your space; later, you can cast Teleportation Circle using a mark as the destination (once per Long Rest). You can maintain marks up to your CHA modifier (minimum 1). Exceeding the maximum removes a previous mark of your choice.",
        "At Bard level 9, you always have Teleportation Circle prepared and can use any of your marked locations as the destination."
      ]
    },
    {
      "name": "Ride the Rails",
      "source": "TCM",
      "className": "Bard",
      "classSource": "PHB",
      "level": 6,
      "subclassShortName": "Whistles",
      "subclassSource": "TCM",
      "entries": [
        "As an action, whistle to summon a spectral locomotive in a 120‑ft‑long, 10‑ft‑wide Line that passes through objects and creatures. You and up to six willing creatures within 30 ft. can hitch a ride, teleporting to spaces along the Line. Each other creature in the Line makes a Wisdom save against your spell save DC or has the Deafened condition until the end of its next turn, is pushed up to 10 ft. away from the Line’s origin, and takes Psychic damage equal to three rolls of your Bardic Inspiration die. Once used, you can’t use this feature again until a Long Rest unless you expend a 3rd‑level or higher spell slot (no action) to restore it."
      ]
    },
    {
      "name": "Last Stop",
      "source": "TCM",
      "className": "Bard",
      "classSource": "PHB",
      "level": 14,
      "subclassShortName": "Whistles",
      "subclassSource": "TCM",
      "entries": [
        "As an action, blow a whistle audible out to 300 feet. Up to six creatures of your choice within range must make a Charisma save against your spell save DC or be cursed for 1 minute. When a cursed target takes Psychic damage, it has the Frightened condition toward the source of that damage until the end of its next turn. A cursed target repeats the save at the end of each of its turns, ending the curse on a success."
      ]
    },
    {
      "name": "Community Almanac",
      "source": "TCM",
      "className": "Cleric",
      "classSource": "PHB",
      "level": 3,
      "subclassShortName": "Harvest",
      "subclassSource": "TCM",
      "entries": [
        "You gain an Herbalism Kit and proficiency with it. You also gain proficiency in Nature or Survival (your choice)."
      ]
    },
    {
      "name": "Harvest Domain Spells",
      "source": "TCM",
      "className": "Cleric",
      "classSource": "PHB",
      "level": 3,
      "subclassShortName": "Harvest",
      "subclassSource": "TCM",
      "entries": [
        "Whenever you finish a Short or Long Rest, choose an aspect of the harvest cycle: Sowing, Growing, or Reaping. You always have the aspect’s spells prepared at the Cleric levels shown.",
        {
          "type": "table",
          "colLabels": [
            "Cleric Level",
            "Sowing",
            "Growing",
            "Reaping"
          ],
          "rows": [
            [
              "3",
              "{@spell guidance}, {@spell entangle}, {@spell summer winds|TCM}",
              "{@spell chill touch}, {@spell inflict wounds}, {@spell hold person}",
              "—"
            ],
            [
              "5",
              "{@spell harvest moonglow|TCM}",
              "{@spell plant growth}",
              "{@spell culling sickle|TCM}"
            ],
            [
              "7",
              "{@spell death ward}",
              "{@spell sanctum of the shepherd|TCM}",
              "{@spell consuming pyre|TCM}"
            ],
            [
              "9",
              "{@spell awaken}",
              "{@spell mass cure wounds}",
              "{@spell field of reaping|TCM}"
            ]
          ]
        }
      ]
    },
    {
      "name": "Cornucopia",
      "source": "TCM",
      "className": "Cleric",
      "classSource": "PHB",
      "level": 3,
      "subclassShortName": "Harvest",
      "subclassSource": "TCM",
      "entries": [
        "If you aren’t Incapacitated when you start a Short Rest, you can conjure a cornucopia with food for a number of creatures equal to twice your Proficiency Bonus. When a creature that ate the food finishes the Short Rest, distribute a number of d4s equal to your Cleric level among those creatures; each immediately rolls their allotted dice and regains that many HP. The cornucopia and any uneaten food vanish when the Short Rest ends. Once used, you can’t use this feature again until a Long Rest."
      ]
    },
    {
      "name": "Bountiful Harvest",
      "source": "TCM",
      "className": "Cleric",
      "classSource": "PHB",
      "level": 3,
      "subclassShortName": "Harvest",
      "subclassSource": "TCM",
      "entries": [
        "As an action, present your holy symbol and expend Channel Divinity to invoke the harvest’s spirit. Up to six creatures of your choice that can see or hear you within 30 ft. each gain one benefit until the end of your next turn (your choice for each target):",
        {
          "type": "list",
          "items": [
            {
              "type": "item",
              "name": "Sowing.",
              "entry": "The target regains HP equal to your Wisdom modifier (minimum 1)."
            },
            {
              "type": "item",
              "name": "Growing.",
              "entry": "Until the end of your next turn, when the target makes an attack roll or ability check, it adds 1d4 to the total."
            },
            {
              "type": "item",
              "name": "Reaping.",
              "entry": "The target deals extra Necrotic damage equal to your Proficiency Bonus the first time it damages a creature before the end of your next turn."
            }
          ]
        }
      ]
    },
    {
      "name": "Blessing of the Seasons",
      "source": "TCM",
      "className": "Cleric",
      "classSource": "PHB",
      "level": 6,
      "subclassShortName": "Harvest",
      "subclassSource": "TCM",
      "entries": [
        "When a creature you can see within 30 ft. fails a saving throw of a type based on your current aspect, you can take a Reaction to allow it to reroll the d20 and use the new roll. Sowing: Dexterity, Charisma. Growing: Constitution, Intelligence. Reaping: Wisdom, Strength.",
        "After the saving throw succeeds or fails, roll a number of d4s equal to your Proficiency Bonus; the target regains HP equal to the total. Uses equal to your Wisdom modifier (minimum 1), regained on a Long Rest."
      ]
    },
    {
      "name": "Eternal Wheel",
      "source": "TCM",
      "className": "Cleric",
      "classSource": "PHB",
      "level": 17,
      "subclassShortName": "Harvest",
      "subclassSource": "TCM",
      "entries": [
        "When you use Bountiful Harvest, you and the affected creatures also gain an additional benefit based on your current aspect (once per Long Rest, or expend a 7th‑level+ slot to restore):",
        {
          "type": "list",
          "items": [
            {
              "type": "item",
              "name": "Sowing.",
              "entry": "Each target gains the effects of {@spell regenerate} for 1 minute (as if concentrating)."
            },
            {
              "type": "item",
              "name": "Growing.",
              "entry": "Each target has Advantage on saving throws and ability checks for up to 1 hour (as if concentrating)."
            },
            {
              "type": "item",
              "name": "Reaping.",
              "entry": "Each target has Resistance to Necrotic, Psychic, and Poison damage for 1 hour."
            }
          ]
        }
      ]
    },
    {
      "name": "Circle of the Old Ways Spells",
      "source": "TCM",
      "className": "Druid",
      "classSource": "PHB",
      "level": 3,
      "subclassShortName": "Old Ways",
      "subclassSource": "TCM",
      "entries": [
        {
          "type": "table",
          "caption": "Circle of the Old Ways Spells",
          "colLabels": [
            "Druid Level",
            "Prepared Spells"
          ],
          "rows": [
            [
              "3",
              "{@spell ancestral communion|TCM}, {@spell barkskin}, {@spell shield of faith}, {@spell shillelagh}, {@spell spike growth}"
            ],
            [
              "5",
              "{@spell magic circle}, {@spell plant growth}"
            ],
            [
              "7",
              "{@spell freedom of movement}, {@spell private sanctum}"
            ],
            [
              "9",
              "{@spell awaken}, {@spell tree stride}"
            ]
          ]
        }
      ]
    },
    {
      "name": "Bough and Branch",
      "source": "TCM",
      "className": "Druid",
      "classSource": "PHB",
      "level": 3,
      "subclassShortName": "Old Ways",
      "subclassSource": "TCM",
      "entries": [
        "When you cast {@spell shillelagh}, you can cause a wooden shield to grow into your free hand (no action to don); it vanishes when the spell ends. You can’t be forced to drop the affected weapon or shield unless you’re Incapacitated. For the duration of {@spell shillelagh}, you ignore Somatic components of your Druid spells, and the weapon becomes a Druidic Focus for you."
      ]
    },
    {
      "name": "Wood Wose",
      "source": "TCM",
      "className": "Druid",
      "classSource": "PHB",
      "level": 3,
      "subclassShortName": "Old Ways",
      "subclassSource": "TCM",
      "entries": [
        "As a Bonus Action, or as part of casting {@spell shillelagh}, expend a use of Wild Shape to suffuse yourself with primordial might for 1 minute; you gain:",
        {
          "type": "list",
          "items": [
            {
              "type": "item",
              "name": "Elderwood Sap.",
              "entry": "When you hit a creature with a melee attack, the target is coated in sap until the end of your next turn; it can’t take Reactions while coated."
            },
            {
              "type": "item",
              "name": "Primeval Growth.",
              "entry": "Your Speed increases by 10 ft. and you ignore Difficult Terrain made of nonmagical plants."
            },
            {
              "type": "item",
              "name": "Gnarled Thorns.",
              "entry": "Once on each of your turns when you hit with a melee weapon attack, the target takes an extra 1d6 Piercing damage."
            }
          ]
        }
      ]
    },
    {
      "name": "Deepwood Elder",
      "source": "TCM",
      "className": "Druid",
      "classSource": "PHB",
      "level": 10,
      "subclassShortName": "Old Ways",
      "subclassSource": "TCM",
      "entries": [
        {
          "type": "list",
          "items": [
            {
              "type": "item",
              "name": "Primeval Wrath.",
              "entry": "Once per turn when you hit a creature with a melee attack, you can force it to make a Strength save against your spell save DC or be knocked Prone."
            },
            {
              "type": "item",
              "name": "Bramblebark.",
              "entry": "When a creature within 5 ft. hits you with a melee attack, it takes 1d8 Piercing damage (once per turn)."
            },
            {
              "type": "item",
              "name": "Rampant Growth.",
              "entry": "When you activate Wood Wose and at the start of each of your turns while it lasts, you gain Temporary HP equal to your Wisdom modifier + your Proficiency Bonus."
            }
          ]
        }
      ]
    },
    {
      "name": "Ancient Protector",
      "source": "TCM",
      "className": "Druid",
      "classSource": "PHB",
      "level": 14,
      "subclassShortName": "Old Ways",
      "subclassSource": "TCM",
      "entries": [
        {
          "type": "list",
          "items": [
            {
              "type": "item",
              "name": "Old Growth.",
              "entry": "Your size becomes Large (with room), and your reach increases by 5 ft."
            },
            {
              "type": "item",
              "name": "Mighty Trunk.",
              "entry": "You have Resistance to Bludgeoning and Piercing damage."
            },
            {
              "type": "item",
              "name": "Vengeance of the Elders.",
              "entry": "When a creature within your reach and covered in Elderwood Sap makes an attack roll, you can take a Reaction to make a melee attack against it."
            }
          ]
        }
      ]
    },
    {
      "name": "Circle of Wicker Spells",
      "source": "TCM",
      "className": "Druid",
      "classSource": "PHB",
      "level": 3,
      "subclassShortName": "Wicker",
      "subclassSource": "TCM",
      "entries": [
        {
          "type": "table",
          "caption": "Circle of Wicker Spells",
          "colLabels": [
            "Druid Level",
            "Prepared Spells"
          ],
          "rows": [
            [
              "3",
              "{@spell bane}, {@spell bless}, {@spell summer winds|TCM}, {@spell zone of truth}"
            ],
            [
              "5",
              "{@spell bestow curse}, {@spell tiny hut}"
            ],
            [
              "7",
              "{@spell death ward}, {@spell sanctum of the shepherd|TCM}"
            ],
            [
              "9",
              "{@spell hold monster}, {@spell lucky charm|TCM}"
            ]
          ]
        }
      ]
    },
    {
      "name": "Bewitched Effigy",
      "source": "TCM",
      "className": "Druid",
      "classSource": "PHB",
      "level": 3,
      "subclassShortName": "Wicker",
      "subclassSource": "TCM",
      "entries": [
        "As a Bonus Action, expend a use of Wild Shape to create a Small wicker effigy in an unoccupied space within 30 ft. (AC 15; HP = 5 × your Druid level; Vulnerability to Fire; Immunity to Poison and Psychic). It radiates one aura (30‑ft Emanation, Dim Light) for 1 minute, until reduced to 0 HP, or until you create another.",
        {
          "type": "list",
          "items": [
            {
              "type": "item",
              "name": "Sacrifice.",
              "entry": "When a creature in the aura takes damage, you can take a Reaction to deal Fire damage to the creature equal to 1d8 + your Wisdom modifier."
            },
            {
              "type": "item",
              "name": "Soothe.",
              "entry": "When you create the effigy, and as a Bonus Action on subsequent turns, one creature you can see in the aura regains 1d6 HP (uses per effigy equal to twice your spellcasting ability modifier)."
            },
            {
              "type": "item",
              "name": "Ward.",
              "entry": "You and allies in the aura gain a +1 bonus to AC."
            }
          ]
        }
      ]
    },
    {
      "name": "Wicker Token",
      "source": "TCM",
      "className": "Druid",
      "classSource": "PHB",
      "level": 3,
      "subclassShortName": "Wicker",
      "subclassSource": "TCM",
      "entries": [
        "After a Long Rest, you can create a number of Tiny wicker tokens equal to your Proficiency Bonus (AC 5; HP 1; Immunity to Poison and Psychic). They last until your next Long Rest. You can attach a token to a willing creature or object to extend your effigy’s aura benefits to it, at your discretion (DM adjudication for placement and carrying)."
      ]
    },
    {
      "name": "Wicker Rising",
      "source": "TCM",
      "className": "Druid",
      "classSource": "PHB",
      "level": 6,
      "subclassShortName": "Wicker",
      "subclassSource": "TCM",
      "entries": [
        {
          "type": "list",
          "items": [
            {
              "type": "item",
              "name": "Sacrifice.",
              "entry": "Fire damage becomes 2d8 + your Wisdom modifier."
            },
            {
              "type": "item",
              "name": "Soothe.",
              "entry": "Healing becomes 1d8. When you target a creature, you can expend 5 HP from the effigy to end one: Charmed, Frightened, Paralyzed, Poisoned, or Stunned on that creature."
            },
            {
              "type": "item",
              "name": "Ward.",
              "entry": "Choose a damage type other than Force. You and allies in the aura have Resistance to the chosen type."
            }
          ]
        }
      ]
    },
    {
      "name": "Soulbound Poppet",
      "source": "TCM",
      "className": "Druid",
      "classSource": "PHB",
      "level": 10,
      "subclassShortName": "Wicker",
      "subclassSource": "TCM",
      "entries": [
        "As an action, expend a use of Wild Shape to create a Tiny wicker doll resembling a creature you can see within 60 ft. (AC 10; HP 10; Vulnerability to Fire; Immunity to Poison and Psychic). The doll lasts 1 minute or until reduced to 0 HP. While it exists, the target has Disadvantage on attack rolls against a creature carrying the doll, and the first time per turn a carrier damages the target, it takes an extra 2d10 Necrotic damage."
      ]
    },
    {
      "name": "Wicker Zenith",
      "source": "TCM",
      "className": "Druid",
      "classSource": "PHB",
      "level": 14,
      "subclassShortName": "Wicker",
      "subclassSource": "TCM",
      "entries": [
        "At the start of your turn, you can change your effigy’s aura to a different one. Each aura also improves:",
        {
          "type": "list",
          "items": [
            {
              "type": "item",
              "name": "Sacrifice.",
              "entry": "Fire damage becomes 3d8 + your Wisdom modifier."
            },
            {
              "type": "item",
              "name": "Soothe.",
              "entry": "At the start of a turn in the aura, a creature can end either the Charmed or Frightened condition (its choice)."
            },
            {
              "type": "item",
              "name": "Ward.",
              "entry": "Choose one ability; you and allies in the aura have Advantage on saving throws using that ability."
            }
          ]
        }
      ]
    },
    {
      "name": "Contagious Discipline",
      "source": "TCM",
      "className": "Monk",
      "classSource": "PHB",
      "level": 3,
      "subclassShortName": "Pestilent Haze",
      "subclassSource": "TCM",
      "entries": [
        {
          "type": "entries",
          "name": "Claws of Pestilence",
          "entries": [
            "Your nails become vermin-like claws. You can deal Slashing damage with Unarmed Strikes instead of Bludgeoning. When you hit a creature with an attack granted by your Flurry of Blows, it takes extra Necrotic damage equal to one roll of your Martial Arts die."
          ]
        },
        {
          "type": "entries",
          "name": "Miasmic Plague",
          "entries": [
            "When you hit a creature with an Unarmed Strike, you can expend 1 Focus Point to force it to succeed on a Constitution save or be cursed for 1 minute: it has the Poisoned condition and takes extra Necrotic damage from your Unarmed Strikes equal to one roll of your Martial Arts die (once per turn). It repeats the save at the end of each of its turns, ending the effect on a success. If you forgo Claws of Pestilence’s extra damage, you can use this without spending a Focus Point."
          ]
        }
      ]
    },
    {
      "name": "Gift of Pestilence",
      "source": "TCM",
      "className": "Monk",
      "classSource": "PHB",
      "level": 3,
      "subclassShortName": "Pestilent Haze",
      "subclassSource": "TCM",
      "entries": [
        {
          "type": "entries",
          "name": "Inoculation",
          "entries": [
            "You have Advantage on saves to avoid or end the Poisoned condition or magical contagions, and you have Resistance to Poison and Necrotic damage."
          ]
        },
        {
          "type": "entries",
          "name": "Vermin Kinship",
          "entries": [
            "You can communicate simple concepts to vermin (rats, roaches, etc.), and decipher their noises and motions at the GM’s discretion. In addition, you can cast {@spell animal messenger} once (Tiny vermin only); you regain the ability after a Long Rest."
          ]
        }
      ]
    },
    {
      "name": "Spreading Blight",
      "source": "TCM",
      "className": "Monk",
      "classSource": "PHB",
      "level": 11,
      "subclassShortName": "Pestilent Haze",
      "subclassSource": "TCM",
      "entries": [
        {
          "type": "list",
          "items": [
            {
              "type": "item",
              "name": "Choking Miasma.",
              "entry": "Creatures have Disadvantage on Constitution saves against your Miasmic Plague."
            },
            {
              "type": "item",
              "name": "Scurrying Spread.",
              "entry": "When you expend 1 Focus Point to use Step of the Wind, until end of turn, when you enter a space within 5 ft. of a creature of your choice, it must succeed on a Constitution save or be cursed by your Miasmic Plague (once per turn per creature)."
            }
          ]
        }
      ]
    },
    {
      "name": "Epidemic",
      "source": "TCM",
      "className": "Monk",
      "classSource": "PHB",
      "level": 17,
      "subclassShortName": "Pestilent Haze",
      "subclassSource": "TCM",
      "entries": [
        "Your Miasmic Plague ignores Immunity to the Poisoned condition. In addition, when you deal Necrotic damage to a target cursed by your Miasmic Plague, it takes extra Necrotic damage equal to one roll of your Martial Arts die."
      ]
    },
    {
      "name": "Blood Well",
      "source": "TCM",
      "className": "Sorcerer",
      "classSource": "PHB",
      "level": 3,
      "subclassShortName": "Crimson Sorcery",
      "subclassSource": "TCM",
      "entries": [
        "You hold a reserve of vital energy called your Blood Well. When you deal damage or restore HP to a creature, you can expend the Blood Well to add 1d8 to the total for one target. You regain your expended Blood Well when you finish a Long Rest, or when a creature takes 10 or more Necrotic damage from you at one time."
      ]
    },
    {
      "name": "Crimson Spells",
      "source": "TCM",
      "className": "Sorcerer",
      "classSource": "PHB",
      "level": 3,
      "subclassShortName": "Crimson Sorcery",
      "subclassSource": "TCM",
      "entries": [
        {
          "type": "table",
          "caption": "Crimson Spells",
          "colLabels": [
            "Sorcerer Level",
            "Spells"
          ],
          "rows": [
            [
              "3",
              "{@spell aid}, {@spell blood bolt|TCM}, {@spell cure wounds}, {@spell inflict wounds}, {@spell blood sacrifice|TCM}"
            ],
            [
              "5",
              "{@spell crimson harvest|TCM}, {@spell vampiric touch}"
            ],
            [
              "7",
              "{@spell death ward}, {@spell sacrificial siphon|TCM}"
            ],
            [
              "9",
              "{@spell field of reaping|TCM}, {@spell mass cure wounds}"
            ]
          ]
        }
      ]
    },
    {
      "name": "Pool of Blood",
      "source": "TCM",
      "className": "Sorcerer",
      "classSource": "PHB",
      "level": 6,
      "subclassShortName": "Crimson Sorcery",
      "subclassSource": "TCM",
      "entries": [
        "As a Bonus Action, expend your Blood Well to dissolve into a pool of blood for up to 1 hour (ending early if you drop to 0 HP or choose to end it). While a pool of blood, you use your statistics with the following changes:",
        {
          "type": "list",
          "items": [
            {
              "type": "item",
              "name": "Speed.",
              "entry": "10 ft."
            },
            {
              "type": "item",
              "name": "Squeezing.",
              "entry": "You can move through an opening as narrow as 1 inch wide."
            },
            {
              "type": "item",
              "name": "Resistances.",
              "entry": "You have Resistance to all damage except Force and Radiant."
            },
            {
              "type": "item",
              "name": "Attacks, Casting, and Speaking.",
              "entry": "You can’t."
            },
            {
              "type": "item",
              "name": "Non‑blooded Form.",
              "entry": "You can’t wear, wield, or carry items unless they are part of you."
            }
          ]
        }
      ]
    },
    {
      "name": "Sanguine Techniques",
      "source": "TCM",
      "className": "Sorcerer",
      "classSource": "PHB",
      "level": 10,
      "subclassShortName": "Crimson Sorcery",
      "subclassSource": "TCM",
      "entries": [
        {
          "type": "list",
          "items": [
            {
              "type": "item",
              "name": "Crimson Siphon.",
              "entry": "When you deal damage to a creature that has 0 HP, you regain HP equal to your CHA modifier (minimum 1)."
            },
            {
              "type": "item",
              "name": "Crimson Pulse.",
              "entry": "Expend your Blood Well to make the next Metamagic option you use this turn cost 0 Sorcery Points."
            }
          ]
        }
      ]
    },
    {
      "name": "Sanguine Feast",
      "source": "TCM",
      "className": "Sorcerer",
      "classSource": "PHB",
      "level": 18,
      "subclassShortName": "Crimson Sorcery",
      "subclassSource": "TCM",
      "entries": [
        "As an action, lash out with blood tendrils at any creatures of your choice within 30 ft. Each target makes a CON save, taking 5d8 Necrotic damage on a failed save, or half as much on a success. If your Blood Well is already expended, targets have Disadvantage on the save. If at least one creature takes damage, you regain HP equal to the damage roll. Once used, you can’t use this feature again until a Long Rest, unless you spend 5 Sorcery Points to use it again."
      ]
    },
    {
      "name": "Forbidden Knowledge",
      "source": "TCM",
      "className": "Wizard",
      "classSource": "PHB",
      "level": 3,
      "subclassShortName": "Occultist",
      "subclassSource": "TCM",
      "entries": [
        "You learn Deep Speech or one other language of your choice.",
        {
          "type": "entries",
          "name": "Intrusion Die",
          "entries": [
            "You track reality‑warping risk with an Intrusion Die (starting size d6; increases at levels 5: d8; 11: d10; 17: d12). When you use a feature that risks Intrusion, roll the die. On a 2+, no Intrusion occurs and the die decreases one step. On a 1, the die increases one step and you roll on the Intrusion table. Intrusions use your spell save DC. The die increases by one step (up to its starting size) when you finish a Short Rest, and resets to its starting size when you finish a Long Rest."
          ]
        },
        {
          "type": "entries",
          "name": "Alien Potency",
          "entries": [
            "When you cast a spell using a spell slot, you can risk Intrusion to choose one: Overwhelming Mind (one target has Disadvantage on the first saving throw made against the spell) or Seeking Eye (you have Advantage on the first attack roll you make for the spell)."
          ]
        }
      ]
    },
    {
      "name": "Reality Tear",
      "source": "TCM",
      "className": "Wizard",
      "classSource": "PHB",
      "level": 6,
      "subclassShortName": "Occultist",
      "subclassSource": "TCM",
      "entries": [
        "Choose a 3rd‑level or lower spell from the Warlock list; you always have it prepared (you can change the choice after a Long Rest). When you cast it, you can risk Intrusion to remove Concentration; the spell ends after 1 minute or its normal duration, whichever is shorter.",
        "Additionally, you can cause an automatic Intrusion (and increase the die one step, up to its starting size) to teleport up to 30 ft. to an unoccupied space you can see (once per Long Rest)."
      ]
    },
    {
      "name": "Intrusion",
      "source": "TCM",
      "className": "Wizard",
      "classSource": "PHB",
      "level": 6,
      "subclassShortName": "Occultist",
      "subclassSource": "TCM",
      "entries": [
        {
          "type": "table",
          "caption": "Intrusion",
          "colLabels": [
            "d12",
            "Effect"
          ],
          "rows": [
            [
              "1",
              "Until the end of your next turn, you can only do one of the following on a turn: take an action, a Bonus Action, or move."
            ],
            [
              "2",
              "Space twists in a 30‑ft Emanation around you; each creature in the area has its Speed halved until the end of your next turn."
            ],
            [
              "3",
              "The nearest other creature within 60 ft. must succeed on a CON save or take Necrotic damage equal to two rolls of your Intrusion Die (at its starting size); you regain HP equal to the damage dealt."
            ],
            [
              "4",
              "Reality tears in your space until the end of your next turn. You and each creature that can see the tear must succeed on a WIS save or be Frightened while it exists."
            ],
            [
              "5",
              "One arm warps into an alien appendage for 1 minute. You can make Unarmed Strikes with it using your spell attack bonus; on a hit, roll a number of your Intrusion Die (at its starting size) equal to your PB; the target takes Acid damage equal to the total."
            ],
            [
              "6",
              "Alien landscapes overlay your vision; you are Blinded until the end of your next turn."
            ],
            [
              "7",
              "Unnatural thoughts disorient you; you are Incapacitated until the end of your next turn."
            ],
            [
              "8",
              "You take Psychic damage equal to two rolls of your Intrusion Die (at its starting size), and for 1 minute your spell save DC increases by 2."
            ],
            [
              "9",
              "You regain an expended spell slot of level 5 or lower (your choice) and take Necrotic damage equal to twice the slot’s level (can’t be reduced or prevented)."
            ],
            [
              "10",
              "When this Intrusion occurs and at the end of each of your turns for 1 minute, pulses in space in a 15‑ft Emanation from you cause you and each creature in it to fall Prone."
            ],
            [
              "11",
              "For 1 hour, you hear hateful whispers; you have Disadvantage on Wisdom ability checks and saving throws."
            ],
            [
              "12",
              "An Aberration or Fiend with CR ≤ your Wizard level (GM’s choice) appears in an unoccupied space within 30 ft.; the GM chooses its attitude and actions."
            ]
          ]
        }
      ]
    },
    {
      "name": "Occult Presence",
      "source": "TCM",
      "className": "Wizard",
      "classSource": "PHB",
      "level": 10,
      "subclassShortName": "Occultist",
      "subclassSource": "TCM",
      "entries": [
        "When you cause an Intrusion, you can roll twice on the Intrusion table and choose either result, and you can negate the Intrusion by gaining 1 level of Exhaustion.",
        "Additionally, choose one benefit (change on a Long Rest; or as a Bonus Action by causing an automatic Intrusion, increasing the die one step up to its starting size):",
        {
          "type": "list",
          "items": [
            {
              "type": "item",
              "name": "Alien Consciousness.",
              "entry": "You are Immune to the Charmed and Frightened conditions and can’t be possessed."
            },
            {
              "type": "item",
              "name": "Cosmic Resistance.",
              "entry": "You have Resistance to Necrotic and Psychic damage."
            },
            {
              "type": "item",
              "name": "Spatial Domination.",
              "entry": "You gain a Fly Speed equal to your Speed and can hover."
            }
          ]
        }
      ]
    },
    {
      "name": "Beyond Space",
      "source": "TCM",
      "className": "Wizard",
      "classSource": "PHB",
      "level": 14,
      "subclassShortName": "Occultist",
      "subclassSource": "TCM",
      "entries": [
        "You always have {@spell scrying} prepared. When you cast it, you can risk Intrusion to choose one:",
        {
          "type": "list",
          "items": [
            {
              "type": "item",
              "name": "All Knowing.",
              "entry": "Treat your connection to a target creature as if you have part of its body."
            },
            {
              "type": "item",
              "name": "All Seeing.",
              "entry": "Cast the spell as an action instead of its normal casting time."
            }
          ]
        },
        "While {@spell scrying} lasts, you can cause an automatic Intrusion (and increase the die one step up to its starting size) to teleport yourself and willing creatures within 10 ft. to spaces you can see through the sensor (once per Long Rest)."
      ]
    },
    {
      "name": "Alchemical Knowledge",
      "source": "TCM",
      "className": "Wizard",
      "classSource": "PHB",
      "level": 3,
      "subclassShortName": "Philosopher",
      "subclassSource": "TCM",
      "entries": [
        "You gain Alchemist’s Supplies, proficiency with it, and can use it as an Arcane Focus. You can use Alchemist’s Supplies instead of the normal tool to craft a magic item."
      ]
    },
    {
      "name": "Quintessence",
      "source": "TCM",
      "className": "Wizard",
      "classSource": "PHB",
      "level": 3,
      "subclassShortName": "Philosopher",
      "subclassSource": "TCM",
      "entries": [
        "You learn the {@spell dissolution|TCM} cantrip. A creature or object you reduce to 0 HP with it is destroyed; if Small or larger, it dissolves into 1 ounce of crystalline powder called Quintessence. You can hold up to 2 × your INT modifier measures (minimum 2); creating more causes the oldest to vanish. You can expend Quintessence as follows:",
        {
          "type": "list",
          "items": [
            {
              "type": "item",
              "name": "Material Component.",
              "entry": "When you cast a spell, expend Quintessence to replace Material components up to 100 gp per measure expended."
            },
            {
              "type": "item",
              "name": "Reagent.",
              "entry": "When you scribe a spell or craft a magic item using Alchemist’s Supplies, expend Quintessence to replace 50 gp of costs per measure expended."
            },
            {
              "type": "item",
              "name": "Vitriolic Enhancement.",
              "entry": "When you cast a spell that deals damage, expend 1 Quintessence to change one damage type it deals to Force."
            }
          ]
        }
      ]
    },
    {
      "name": "Albedo",
      "source": "TCM",
      "className": "Wizard",
      "classSource": "PHB",
      "level": 6,
      "subclassShortName": "Philosopher",
      "subclassSource": "TCM",
      "entries": [
        "When you cast a spell using a spell slot, you can expend 1 Quintessence to increase the slot’s level by 1 (up to 9th). The maximum Quintessence you can expend on a single spell this way equals half your Proficiency Bonus (rounded up)."
      ]
    },
    {
      "name": "Citrinitas",
      "source": "TCM",
      "className": "Wizard",
      "classSource": "PHB",
      "level": 10,
      "subclassShortName": "Philosopher",
      "subclassSource": "TCM",
      "entries": [
        "You always have {@spell creation} and {@spell fabricate} prepared. You can cast each once without a spell slot (regain on a Long Rest). When cast this way, you can cast the spell as an action. You can also cast them normally using spell slots.",
        "Additionally, when you cast {@spell creation}, you can expend up to your INT modifier measures of Quintessence (minimum 1) to multiply the spell’s duration by 1 + the amount expended."
      ]
    },
    {
      "name": "Rubedo",
      "source": "TCM",
      "className": "Wizard",
      "classSource": "PHB",
      "level": 14,
      "subclassShortName": "Philosopher",
      "subclassSource": "TCM",
      "entries": [
        "When you finish a Short or Long Rest, expend 10 Quintessence to create a philosopher’s stone (Tiny magical object; AC 19; HP 20; Immunity to all damage except Force). Creating a second destroys the first. While you carry it, you gain:",
        {
          "type": "list",
          "items": [
            {
              "type": "item",
              "name": "Amplification.",
              "entry": "When you cast a spell, expend up to 2 Quintessence to increase the spell’s save DC for that casting by the same amount."
            },
            {
              "type": "item",
              "name": "Equivalent Exchange.",
              "entry": "When you fail a saving throw, you can take a Reaction to expend 5 Quintessence to succeed instead."
            },
            {
              "type": "item",
              "name": "Longevity.",
              "entry": "You stop aging and don’t suffer effects of old age, including dying from it."
            },
            {
              "type": "item",
              "name": "Sympathy.",
              "entry": "The stone counts as part of your body for {@spell scrying} and for spells that restore you to life if you die; the stone is the Material component (if any) and is destroyed when the spell is cast."
            }
          ]
        }
      ]
    }
  ],
  "sources": [
    {
      "json": "TCM",
      "abbreviation": "TCM",
      "full": "The Crooked Moon — Player PDF (2024)",
      "authors": [
        "Worlds Beyond Number"
      ],
      "version": "1.0"
    }
  ]
}